synset,model_id,split
02808440,ec906d77906e85d53af30a3946d92feb,train
02808440,352453edb5b6f8b4a485efa4c77b16eb,train
02808440,e5f025768acc620dccd0340812259a39,train
02808440,d8d89fb14672b3893321831d2245cf06,train
02808440,93818961a43764e23321831d2245cf06,train
02808440,6c92a80574e97e6a2f38c0d2792fb5e,train
02808440,71753adcff89e231b362845c6edb57fc,train
02808440,65b424795fe6d071ce163f4a7838826d,train
02808440,36a1ff10474e401ae440cc76354dcf85,train
02808440,bf8e5bbe0e0938d98afd316e82119b42,train
02808440,4305c0f75a0bb2703af30a3946d92feb,train
02808440,b3af478264146f6ad9b53420a5458c53,train
02808440,450fa1bb2cc0ee578c0a569dc2eaa6c1,train
02808440,68f9ebf8529d567ab362845c6edb57fc,train
02808440,7d41c1e628b1312977da90a8fc1a6429,train
02808440,7ea685c4ca42c7df63ffebf86d8dd00,train
02808440,1e454ec01708c3b24c62bee40dcdc539,train
02808440,1cc2487bfbc0209e3321831d2245cf06,train
02808440,529eb2a106db950ccd0340812259a39,train
02808440,b8cd34d7b1e0e9ae84e6e639680867d1,train
02808440,a1531938a8f8c32b6e1f781c3bfa1222,train
02808440,77e0932f0886aede3321831d2245cf06,train
02808440,f96cd761f71daf3354d7082b34825ef0,train
02808440,deba7a0e1fe26833f0aeabfdcb4e1dd9,train
02808440,78648b94a2402ca6904e03fa15bd73ec,train
02808440,beafc45419f70db3252e0775cff1c394,train
02808440,99c5407b80625a0c904e03fa15bd73ec,train
02808440,2cc413a8680b6269b362845c6edb57fc,train
02808440,73baa3af38c96a52c85e7a9bf0779313,train
02808440,519fae15db7dcd017b39ab85244ee8e6,train
02808440,c52b603a212365a4670204dee97dc037,train
02808440,1866a0bcda2564053321831d2245cf06,train
02808440,2962e044492c43f2921bd8a746d486d6,train
02808440,fbbe1f77590ae6771a3b39b07e4b3d0f,train
02808440,5634cbd9ad6317b444221bef0fa3c36b,train
02808440,c3524cfa04be2a427568fd1ca5bc0200,train
02808440,487665836aea026ccb2f32ac395fe2b,train
02808440,90b6e958b359c1592ad490d4d7fae486,train
02808440,a375d94c02f2924b550584dfc8970d11,train
02808440,b43b17f0378ed699ff1dc6e98c2e01fa,train
02808440,ce8ba9a23d9fb8ac125fa9990176f0d5,train
02808440,198abf39ad554388b362845c6edb57fc,train
02808440,63b259b0b462f6f9e59685727bdd9ae9,train
02808440,30d2a4ee211c4383125fa9990176f0d5,train
02808440,78c992bac95191673321831d2245cf06,train
02808440,aba9f8d311894cf539d4219710154fda,train
02808440,5bcca919768845bdd0043cfa915003ff,train
02808440,b08727e640554b493321831d2245cf06,train
02808440,37f0a39abf371409ec54a7cce22716f0,train
02808440,4bba4847c53eefa43121505b9493314,train
02808440,ae8938fbd91ce8e0c790d7efcdfb5239,train
02808440,af1626daddb7a607b805ea9e53402739,train
02808440,857adf3f4e2845b044221bef0fa3c36b,train
02808440,9b2952001ce703ab6b448b8aaebb705c,train
02808440,6af7584c142246a23321831d2245cf06,train
02808440,f5dfd2eac1ede18c35403ea5eb244169,train
02808440,b5ebd151fc2625da54d7082b34825ef0,train
02808440,b14791a6df68c09fde250725ad622108,train
02808440,e90b251f9f026ab36b354c7301136f53,train
02808440,170cf39eca88a50e125fa9990176f0d5,train
02808440,8a79f6c9e4e6badc26ab2d6bff19a0af,train
02808440,d066024b84c1b4fb469ceade478d6997,train
02808440,19da369ff1db9ecd670204dee97dc037,train
02808440,dd49561080df1a3f798df87163b1956c,train
02808440,8825b869b855967fc197f3661a4ec752,train
02808440,61a19c2b6dbab7be1291d1279f7bf122,train
02808440,4f14ed9498cd69c6392f36bc2fbdcf8c,train
02808440,d0df653cb5c1ca016b6c87c9f47318a,train
02808440,2b6bea31677afd413321831d2245cf06,train
02808440,1b6bbfbba694e33476c18e71fd49c4dc,train
02808440,e90977d3e1c960ed904e03fa15bd73ec,train
02808440,25370f9a01166beaa13edbe825cc0113,train
02808440,4e399a21e6900cb9cbbed63b99f90f4a,train
02808440,a8765cfb0701f015fe52ffd0e748a1ab,train
02808440,3124505d1bab02cbb362845c6edb57fc,train
02808440,df67f38c55e4dd0b3321831d2245cf06,train
02808440,c11ac2c84d7e8566b04f97563601480e,train
02808440,885497f2bb3cbd3c859d92988090f02a,train
02808440,cc98d2d5157aab693321831d2245cf06,train
02808440,52160c130b4c132244221bef0fa3c36b,train
02808440,a3fb3caf38b63d06ccd0340812259a39,train
02808440,5395c36e4449a364a0986899fca7913,train
02808440,326e05c24641bf43b362845c6edb57fc,train
02808440,af592551a5f44e8e54d7082b34825ef0,train
02808440,cd23523044b34cb29a461ceb2370bcba,train
02808440,934bc8fa879c3f0244221bef0fa3c36b,train
02808440,453faae27faa3cb454d7082b34825ef0,train
02808440,721617d5fe78f33363ffebf86d8dd00,train
02808440,878767d96ae00079a1ad4813ad2137e,train
02808440,3e2b33cffce8fc632dda19453ee07c6b,train
02808440,124807f04a76c484c62bee40dcdc539,train
02808440,5db3375f0e4cf84e133dce51d963916a,train
02808440,752f091bd4264d2fce772b67783de9cb,train
02808440,653dab02848c6090b362845c6edb57fc,train
02808440,6e4339050c5338933af30a3946d92feb,train
02808440,f0e4c180558694ff904951ea0800d3f0,train
02808440,cc060d05ecc6b760cb6267f1b348aaaa,train
02808440,b7d1bc59194e2c5672101dcac4ed75d3,train
02808440,e814a58e52652f43e702e0688ba77bb0,train
02808440,44bf3d065ab35d43b362845c6edb57fc,train
02808440,e3da3660529c4986ccd0340812259a39,train
02808440,50c67260bb9322e8ebc740fe800c0367,train
02808440,8c989333427537ce44221bef0fa3c36b,train
02808440,621f1f65eca6fe7fd7c9d85d3b7335dc,train
02808440,881043bb57784d4e3b918969f743aebf,train
02808440,191c2a4444cb562554d7082b34825ef0,train
02808440,ee9261d9011255453321831d2245cf06,train
02808440,8a7a7e70aa8961f4edd7686549ee4484,train
02808440,2901f503b077e7a0fe52ffd0e748a1ab,train
02808440,f9fe136c1738dcb1ec3cc26553cfa06b,train
02808440,d171a949c9583599ca972daa503b3095,train
02808440,a0c19e3a7fddb5733178fd967888865d,train
02808440,ea7913efbe22abed412deb0d2b0f3dcd,train
02808440,1ea8a2646a0e33afcd2957531fcac5d6,train
02808440,d6a1c1c47190649a54d7082b34825ef0,train
02808440,8113b0f14206155a74f9a02bc96d14ca,train
02808440,55eca9bc125d32fd54d7082b34825ef0,train
02808440,caccc22a1266150d3321831d2245cf06,train
02808440,6787698a1fbd9a6d44221bef0fa3c36b,train
02808440,cd42ce92bf94eaf35e690296776c7bfe,train
02808440,9dc757fba512200b167a3045f56a81f2,train
02808440,fa02ef26c333e469b362845c6edb57fc,train
02808440,537205d65f040f701b9d8cf5b1327a12,train
02808440,ee230a2651945801b20f6e48f6a30cbf,train
02808440,370dea2a2719b07744221bef0fa3c36b,train
02808440,d2a511578a387365ede9471c962dd6ba,train
02808440,40f0604892e7b4268a7ab8a2c534e9e7,train
02808440,c6449e52f945035a1ee236984e84b5e3,train
02808440,75957a7274c39d54b8fda7a3b5ccb8f7,train
02808440,f2306272d14861367c8e9b5cdcd2f0ef,train
02808440,a03a2f92431e190591a491e8257bd6fe,train
02808440,9458bf8670645df33321831d2245cf06,train
02808440,70b6ec39b993a7437a809fceb352d42,train
02808440,189c1ffb58c74c3bccd0340812259a39,train
02808440,7e8cc52fa74c26b4eb1f243bab39fb29,train
02808440,cb38405e384c79c05e4e385b035691bb,train
02808440,5f2cd0c8c02d7557bff8b2d517ae4561,train
02808440,985cd0d15f067f18a08bf4a5e8bfb746,train
02808440,97a2ac7e8ada9d981f003e83c2518be8,train
02808440,c97d74e85fb248e6bf258aa99523f66b,train
02808440,5406f6de80a4bf84fe52ffd0e748a1ab,train
02808440,4119421c85d867c4fb5a74b09b9b3506,train
02808440,1257e60da04ab350b022c94235bc8601,train
02808440,13b3f78fcad66e2df6da603e92626bf9,train
02808440,86624ab3ee7f840d3321831d2245cf06,train
02808440,7ecbb98e2bb428c85721e2cc9a13e7cc,train
02808440,12aae2c1b46580c48e48489883d168e7,train
02808440,5703aca738f8d92b44221bef0fa3c36b,train
02808440,8662ec01d9c580827ac6ce513ae497d3,train
02808440,a82d1a985717e161a3d8d955f4f42c39,train
02808440,bde516127c10ceed3321831d2245cf06,train
02808440,215352e586ec6aa0b362845c6edb57fc,train
02808440,7ce00acd26d3ce63125fa9990176f0d5,train
02808440,ec840887e7cae5b6ccd0340812259a39,train
02808440,aea6cef49fd3a6ab3af30a3946d92feb,train
02808440,d11d01a4ab7912347c34b08df917732,train
02808440,f15b0f42feae8d75b87c8f5e7f9beb6e,train
02808440,d970177e3a932dc344221bef0fa3c36b,train
02808440,b03cb02cab23307b71f6c2d1271354cb,train
02808440,7e6b409823580827a80d0ac32aa1e5ef,train
02808440,591906b60da78a063321831d2245cf06,train
02808440,97f7ff0b07dc37c18dcb895d63e0dcc,train
02808440,8ba04a13e0b5a33f774f018e2c69edb0,train
02808440,ec1d737b5962bd306e12d65bc1882e95,train
02808440,2f65f22224a48d26ead253ec715c9744,train
02808440,198f8c170347741c54d7082b34825ef0,train
02808440,60427211b9845f4e9ee028845f1b68b,train
02808440,7072816b1da8ca1b1c17aef130ed6213,train
02808440,8346416e382d3a3fccd0340812259a39,train
02808440,3efe1e2fc2ab4c0e4e58e1f374dbffd,train
02808440,69f95bd359cd47d0448cbcbac44a38bf,train
02808440,9d3e7604b922e1e551b711a0825fda5b,train
02808440,9de93ed7919c499854d7082b34825ef0,train
02808440,7b440b188067638a44221bef0fa3c36b,train
02808440,f6f8241116920f45b362845c6edb57fc,train
02808440,7ab615debab4fff9afc85023f866b252,train
02808440,f37c6c427d253657bbf140c61ceddce2,train
02808440,b811317b75610314f7bcd99767bf77f4,train
02808440,89343976cb18545d4bce3147c41ec725,train
02808440,1c6117c2eef53221b362845c6edb57fc,train
02808440,ea8891fa9a19f8cb9e2e2edd05265482,train
02808440,3e9b4b309c9db612b0957d845ac33749,train
02808440,5e07cb24ec93904bcc6434361376a7a4,train
02808440,980d4377aadf1fe1b362845c6edb57fc,train
02808440,449e90cbbe310030b983088451bda93b,train
02808440,ba86184fb4bd46a23321831d2245cf06,train
02808440,a369b8bb41a81cf7dbabfe882776e1f8,train
02808440,b16eae893bd12a87b8724a732b3d4cc1,train
02808440,beeae670a6ed2a4cae5f116398936abf,train
02808440,ae1a11d1ca89ba26e863737836cd53b4,train
02808440,a00e66c628e452413beb0acbcd481c2d,train
02808440,2004425c4a997e33a7287f0d359a1a39,train
02808440,c66b0bdad2628150ccd0340812259a39,train
02808440,f033e6bfaf0c41963321831d2245cf06,train
02808440,41c2075df14356713321831d2245cf06,train
02808440,42c74e5da10975c13af30a3946d92feb,train
02808440,3358fed603caf82bb362845c6edb57fc,train
02808440,ff0a7ba89bc77fd58797cf21d0643b9f,train
02808440,7e5857a4abbcbe9098dcd47b5c6dc2e5,train
02808440,a1d69eef3e42da23321831d2245cf06,train
02808440,85c3bd8f53a7329ed83a3378d32b3048,train
02808440,a4b457c41180e0b9fe52ffd0e748a1ab,train
02808440,bebbe478c5c2d44e44221bef0fa3c36b,train
02808440,a23e7892bd3dc65b6f893b5bc716a3fa,train
02808440,f313673174ba24de1c17aef130ed6213,train
02808440,367f0d3a99b5f9f834f7f29b38d9290a,train
02808440,ef39099e75d450b46012ae9c733eecc,train
02808440,11955ce486dd9b6954d7082b34825ef0,train
02808440,9a2356d30def73186b448b8aaebb705c,train
02808440,36a554e2ef628266b0d51feef5761dce,train
02808440,bdacdeb89e174d743321831d2245cf06,train
02808440,63c4c61e156c25d23321831d2245cf06,train
02808440,62b3b1e91deef860ede9471c962dd6ba,train
02808440,800da11834a991da3321831d2245cf06,train
02808440,e3a0391e9fdb7671fdb7801f07fef3bd,train
02808440,9eca0331d9e89d5bc3035ab7747ce27a,train
02808440,2f6da348147cad9c3321831d2245cf06,train
02808440,506a041b7ad271813321831d2245cf06,train
02808440,268967dc3b0b09d0412deb0d2b0f3dcd,train
02808440,e7f07d51b5261395ede9471c962dd6ba,train
02808440,2b9228db2c77130d44221bef0fa3c36b,train
02808440,1384585a48232ade2b4641ae88b2ff3f,train
02808440,cf565a3576331f67433b4c9b207205a9,train
02808440,407e9ad1c8352e1f125fa9990176f0d5,train
02808440,1acfdd86f8d48bb19750530d0552b23,train
02808440,3ffffa5a05b2254d4ee769ccec97aa83,train
02808440,66bf814e881c1c1a51c83dffb1e07a0e,train
02808440,73f3495f2c64c929ccd0340812259a39,train
02808440,8a55c7f9d5fc9dac33da1d126caef9c6,train
02808440,96777ae57747ee41ffca1588abe4e39c,train
02808440,8183d981730d9f4b4c62bee40dcdc539,train
02808440,33718430c3a5c88bffc6e457221b9271,train
02808440,e7629f9e27ee058bea7b0e6d0dd8daa,train
02808440,549663876b12914accd0340812259a39,train
02808440,275005a67aba33ca9d97e7b300a8d98b,train
02808440,a2e7bff47380868e6b37e99dfd7a802f,train
02808440,a9827a6ad29326ea14c8ee9aa2f8e72d,train
02808440,e696c5d9b42ff5a0fe52ffd0e748a1ab,train
02808440,ccafecd2880b61f754d7082b34825ef0,train
02808440,712d9397ec53765f9e25afd4f06934a3,train
02808440,d7d4367ef5ee5991b362845c6edb57fc,train
02808440,fcc74af36543018db38325455ee7a49f,train
02808440,20fb36fea4f6ce91901fed29c825c894,train
02808440,c6ff7725e2e3832835b3d63776480dcf,train
02808440,fdcc9d0d2e24b4f854d7082b34825ef0,train
02808440,97ce198e3d7cdda13991a4f3b0ed6e4,train
02808440,44bccd348dbbc2d6b448b8aaebb705c,train
02808440,85bafd18f0457795810b41e4924ac586,train
02808440,a31af845a610a552d83e8d4109d37961,train
02808440,d4d61ab0356aa6d0b362845c6edb57fc,train
02808440,e34dbb83a23b3b019bb88ff9c0d772b2,train
02808440,691d75148d42c03cccd0340812259a39,train
02808440,42d7c051c1e771ba3956bf2322987dd4,train
02808440,cdf47d95ba14768d48ad5e70a514c4da,train
02808440,5c06133aac3e8fab3321831d2245cf06,train
02808440,f6f4dc302b85c7f96fe347138aa3101c,train
02808440,d319ba92fbe38bf4429d80a62aad88ab,train
02808440,fe59e0e02ca91956b362845c6edb57fc,train
02808440,86880c061d80ebab3956bf2322987dd4,train
02808440,b08d711c39561b793321831d2245cf06,train
02808440,61475bc1cf693943d6a6890cb66ada39,train
02808440,3b4a28f7e078ac063321831d2245cf06,train
02808440,56a19ee862125b28cf8c584ddfde6324,train
02808440,b2a500b97b21c4eeb6adb81b8de263a3,train
02808440,848124bf8497ee436bb6bc0db07c71e8,train
02808440,e5a1ff704398c55ede9471c962dd6ba,train
02808440,7b0f2735068568ef3af30a3946d92feb,train
02808440,ff6b4c0016394ba83321831d2245cf06,train
02808440,51ac21c5f5c10583b8724a732b3d4cc1,train
02808440,564813720bdb0cd93321831d2245cf06,train
02808440,7e5e0372dbccecb244221bef0fa3c36b,train
02808440,d5d3d361bdf7245e75519658e0efffee,train
02808440,dea2eef8fa6690061031459726e7e8b9,train
02808440,90abc75db76e80e244221bef0fa3c36b,train
02808440,f84308c16a081311ccd0340812259a39,train
02808440,5b8d1278d408864eba47eca8aa80094,train
02808440,304346a133b9153379d57ee14f8ee702,train
02808440,74de09e85976da12a13787f910fef0e3,train
02808440,bdf94fe1bef0281b362845c6edb57fc,train
02808440,b0d95b98cc9ced8bf82d285b0703fe12,train
02808440,b425065d760552afb362845c6edb57fc,train
02808440,47f4bab4593437481c17aef130ed6213,train
02808440,eb00cc6ea32fdf6d3321831d2245cf06,train
02808440,19e3356bdc1600e48356c7b0827e2e54,train
02808440,c7c0c46ba87f11ca4c62bee40dcdc539,train
02808440,f8d0cc0680f502e98eb3bc6c6d15f9bf,train
02808440,167bf252d547bcccccd0340812259a39,train
02808440,7d4c5f150ed81e3054d7082b34825ef0,train
02808440,99fcd275c9f57ae044221bef0fa3c36b,train
02808440,2ae90c52820a705a16af3198c99de08,train
02808440,2edc92c82cc5db3d3321831d2245cf06,train
02808440,686dd1bdc574ebd152b20f433bf30081,train
02808440,2f90ff6319c74691c7cd249d921dad67,train
02808440,89ab13233adb2f879d57ee14f8ee702,train
02808440,3db95e318c29a2ccb362845c6edb57fc,train
02808440,55f7cefd2fd58bd4f4dbd7b2c34ea2f0,train
02808440,b671a193d0397ad554d7082b34825ef0,train
02808440,1c68386f4be530973321831d2245cf06,train
02808440,27e0851e99c4d04470374408dad00379,train
02808440,ab70496561127a0332d44b56830636ba,train
02808440,ceb077ecef095d452d70ca35ac1a10ff,train
02808440,9c2761796fe65c9b3af30a3946d92feb,train
02808440,b657b07733051ef83c7c1f545abb6527,train
02808440,86cc268fa01fac6b9f4775ea8562d2,train
02808440,ea9a9f6922adb1b70c61a2b7d6910c,train
02808440,3b59f9cff3d39a0b602ced3945939e8e,train
02808440,ead316f148fa1b699fd7df127276ed69,train
02808440,6abb270bc9fc54fe4c62bee40dcdc539,train
02808440,816cad16553dbb004f2d909c705c7509,train
02808440,dccb280354aefe171e7f704273b6f731,train
02808440,393484a5228413b777138b91927032b0,train
02808440,6bf87e25ad2b7e1cdd43f423f86ddbb9,train
02808440,5a4cf079a43f0a793321831d2245cf06,train
02808440,474a0aefc64043da54d7082b34825ef0,train
02808440,aa1200913fdb9f1679d57ee14f8ee702,train
02808440,5c77eba7135d8703b362845c6edb57fc,train
02808440,6458583a168aa52af42a90fe4baf4591,train
02808440,fcf0ef94d568f97054d7082b34825ef0,train
02808440,a78afbaa1c7e8795e44d45504b29e834,train
02808440,49e43bbff6765f95d16ed9439ea3f1a5,train
02808440,76a687cb1dcacf883321831d2245cf06,train
02808440,8399987b9bca0dd0e63a9e8397b31118,train
02808440,8fe4014c96a06f2a57ed847bfc43a483,train
02808440,3778a4349297e60b44221bef0fa3c36b,train
02808440,46bf8401785b96e336d8dd30a594b2af,train
02808440,e4cd718118a15c40dcf3aa5cc0c09272,train
02808440,a095cdd68d69912b44221bef0fa3c36b,train
02808440,da59b45d5f06d4a844221bef0fa3c36b,train
02808440,9c1664de95b39e30ccd0340812259a39,train
02808440,93e9520a999562f93af30a3946d92feb,train
02808440,210e770d7cf45629b362845c6edb57fc,train
02808440,8be7711dfc0c7e3a54d7082b34825ef0,train
02808440,c0249608f553686f3321831d2245cf06,train
02808440,e88fb160e35aae493a762233fffc49ea,train
02808440,c69bef4275de0fd6412deb0d2b0f3dcd,train
02808440,841e9b3d40aacec23d89f1ada385db86,train
02808440,81aab72890c8cc3a64c8c924c4738650,train
02808440,ad70bacd3a9234bcac5ad68050161b06,train
02808440,9c2c7ae1ddbbf166eed6cfa9fc6d794c,train
02808440,5663138e433fa57c79d57ee14f8ee702,train
02808440,c843cc9df022e96ce6c3e73b818a2cc,train
02808440,6f1c542f24b8e50554d7082b34825ef0,train
02808440,e3779000fe8c6805ccd0340812259a39,train
02808440,315a621e6159aea93321831d2245cf06,train
02808440,2a5d4962869b1c34c62bee40dcdc539,train
02808440,5e83e7b924759c8ac2b1819e686b1fc9,train
02808440,44278df837544b8a412deb0d2b0f3dcd,train
02808440,d95901baec87549e54d7082b34825ef0,train
02808440,5592d42aab84d67dd27bbf2d1aff38ec,train
02808440,6328094d59f1221d7b57eb4fc830f67b,train
02808440,fb269f5b1fec0b94d2285085273a3475,train
02808440,3a5a6113f20f7462c0f3ab010f0dece7,train
02808440,3fad29fafe787406b362845c6edb57fc,train
02808440,a67047070d8693d2c2f0673fe60ad9d3,train
02808440,cba294fd8320a4b13321831d2245cf06,train
02808440,a92ca67b245f008b54d7082b34825ef0,train
02808440,79ace304188699fd5fe7cbb6d6b5e421,train
02808440,8b42485c93c122643321831d2245cf06,train
02808440,5eab643d440c4a4bab78f79703f1828f,train
02808440,7e32602a20e478ddb362845c6edb57fc,train
02808440,32704fd3803c02d7fe52ffd0e748a1ab,train
02808440,911847b0eff48ba087a301d05ef6a538,train
02808440,12e0842f9f1c8cf02c3aeda648e0cc4f,train
02808440,c1b69f70751648a0b362845c6edb57fc,train
02808440,e1bbaff08c5309a6412ac8cccf0c180f,train
02808440,b188074441f74c6e1d17c7bdc785739b,train
02808440,768acba240b21a492beec56b24479ed1,train
02808440,556213319f5a21dbccd0340812259a39,train
02808440,68970c4f57bb44167d54ec3c8e01d52e,train
02808440,77ec56a21b4ae4b8b84959963148f2a2,train
02808440,763aa4a2281d5a2cb1e4f0ffdb30250,train
02808440,99ee0eaaa7511e2344221bef0fa3c36b,train
02808440,dadeedcb7aeb8344fdbe2bf897d8a820,train
02808440,a969cd5e93fd389b3321831d2245cf06,train
02808440,45dbfd115089e0665d107d8487108589,train
02808440,2a83a721763cb79df15dc88ff54e5f9f,train
02808440,6bccbd29c44ea50d54d7082b34825ef0,train
02808440,7f7d48994b6915d8b362845c6edb57fc,train
02808440,e6c56b5f2265d6423321831d2245cf06,train
02808440,2f3d0058b843186180a744f96587254b,train
02808440,ca63d5d8d3f1933354d7082b34825ef0,train
02808440,4033f8440d4b5e83321831d2245cf06,train
02808440,bbe02a8cb3ea4b4844221bef0fa3c36b,train
02808440,cd21cb60750fd91f4eda040ae95dd4aa,train
02808440,2e752b6c5b6c1cf865793e85eb09b261,train
02808440,a26f1817df243dbf601f1922eb3d98df,train
02808440,c6bdaf60ca0529cdf06b5a8163839b92,train
02808440,4399b850494bcfcd2dee675288ffec8e,train
02808440,b27bff29f03406c63321831d2245cf06,train
02808440,722a8934497d70d18fcae10bdcf407e9,train
02808440,f327905a8577d9adb362845c6edb57fc,train
02808440,32c2dbf3246c8b2366bf2fda6157c15b,train
02808440,96fd142c3abacda0ccd0340812259a39,train
02808440,76ebf4756a43b187753793048d44830e,train
02808440,6c1b18b0fa544552d93d979414505038,train
02808440,47e7884cf9d5331c1a448a935e94526d,train
02808440,88b4942caf79dc944221bef0fa3c36b,train
02808440,77c08eaf01312160a967d8a8714fbc16,train
02808440,295ea26696a0e45b3c5aa738749715da,train
02808440,129d84a2d2e5242a6b448b8aaebb705c,train
02808440,47f169c6aeebd2665f9b40f981270a7b,train
02808440,290df2ce1251492db84959963148f2a2,train
02808440,a1774ed7dd03d7b717e29780ff39c480,train
02808440,30247fa574c0f87b35e6699e9332d49d,train
02808440,8f7672193b88c72db8724a732b3d4cc1,train
02808440,783c3fc429a969b6dbb76013b759885f,train
02808440,654362e53ebb6e303321831d2245cf06,train
02808440,47ae345322c4add9f9c0f9cbb10e38a2,train
02808440,5b7d8d0f5c9ac09a5a4742c0584c3335,train
02808440,a88e254ea9ff7b4dfe52ffd0e748a1ab,train
02808440,40aa0697e18dba1184dd6c3274cd9823,train
02808440,1f0ae93f9aafbe27322d134e1c4a80fc,train
02808440,c37f254715a78571ae8be095e1557726,train
02808440,ef9318f2fb898812610c2a68437007d6,train
02808440,6f0f8249e994c288ccd0340812259a39,train
02808440,8de00e529b8b39a244221bef0fa3c36b,train
02808440,40d7753fce9bec3c3321831d2245cf06,train
02808440,14b01ccd00ceb5e4a701ffa903c732b8,train
02808440,7efbe90c9685e23cede9471c962dd6ba,train
02808440,414688637cd72b6c7685118aff98cc67,train
02808440,3981200a977815ae3321831d2245cf06,train
02808440,bdac92a52bc53cb4b362845c6edb57fc,train
02808440,bdc71b9efd77276f9f39bedffcf91275,train
02808440,f356aa82f68fe7d9adbcc9ee28cee4cb,train
02808440,dd60bfd98b869d96b5e423033398ff30,train
02808440,8692ef3bc81aa4c84c62bee40dcdc539,train
02808440,5f1145774cb48e7854d7082b34825ef0,train
02808440,98f774d812a2ff0022f427296d72cac2,train
02808440,85663f3daba8a0d51c17aef130ed6213,train
02808440,13cd234acf0a6b4db362845c6edb57fc,train
02808440,59630f5750ba5aa46935f7e0522b9fa,train
02808440,24c288011f4c14463321831d2245cf06,train
02808440,6fe99f67b888794254d7082b34825ef0,train
02808440,1a74ca07a11f507554d7082b34825ef0,train
02808440,f0836272c93c3c40b362845c6edb57fc,train
02808440,95b7632f605a0223321831d2245cf06,train
02808440,5b8badaa652f4363210c439c61dd9b9e,train
02808440,da7c0e8e5a2d87f190a2f7468a138e7a,train
02808440,7288fb375238b544cd97b994e487c6ab,train
02808440,5a79d517ab366c52ccd0340812259a39,train
02808440,4decc1afdd1eb8494c62bee40dcdc539,train
02808440,e8a5492555f645cee4c2a47658c3c899,train
02808440,a3701a7cf32da91c52b20f433bf30081,train
02808440,cb4d05a8749093ae3321831d2245cf06,train
02808440,68421e740dd77fa7c664c3d4e2d59341,train
02808440,225742b31d7e28a97c35d3c5d3b1fcf7,train
02808440,e3cee2a50dcd43bdccd0340812259a39,train
02808440,bc98f11895cecfeb3321831d2245cf06,train
02808440,10912c73b7290f963321831d2245cf06,train
02808440,166f3c900cac3bdeda5444b776d14740,train
02808440,d847cdb16cae06404d059d8c55114915,train
02808440,842839d83fea08eeccd0340812259a39,train
02808440,d51e086b0af8815d412deb0d2b0f3dcd,train
02808440,be9496165cc6322244221bef0fa3c36b,train
02808440,1dc36bb29702c28b3321831d2245cf06,train
02808440,18100df055914701d79a5415e88748c0,train
02808440,acbbca9c00c87c81c1a9d86dbf500665,train
02808440,c45f6c706330e9bf3321831d2245cf06,train
02808440,fd34f47eb1b816139a625c8b524db46e,train
02808440,550fd88ceb559b49ccd0340812259a39,train
02808440,93b1dc8aa040da641f6566a4d01370e6,train
02808440,868517dfb1753d901d91d3160643d7d9,train
02808440,67855525b642d59344221bef0fa3c36b,train
02808440,6f1ecf3e720f20e7d63fb7225e5a4313,train
02808440,f2ef257f008b08277f540470fee080f3,train
02808440,e5c97c7b5cca57cb30f98136f75a1800,train
02808440,f1772937648f0a1b602f79528bf8e63,train
02808440,2bbad1610128749e1c17aef130ed6213,train
02808440,62f4114f43f07786b362845c6edb57fc,train
02808440,35a0ea7e7f9eac13321831d2245cf06,train
02808440,33d2b4361e3fcecfb340943d9bddb446,train
02808440,25709b9ab8facc1b3321831d2245cf06,train
02808440,f7b303def4a2c10f211278b445671dff,train
02808440,77e9758d3d2256ddccd0340812259a39,train
02808440,1f5642ecc73ef347323f2769d46520fa,train
02808440,89eec42ca751ce883321831d2245cf06,train
02808440,a64f942a8107ce5f44221bef0fa3c36b,train
02808440,9b55067f02fd4a80ff2ce0138c86aa24,train
02808440,22eb6e2af43e6e78ba47eca8aa80094,train
02808440,88d183f319cddb7344221bef0fa3c36b,train
02808440,1f3abd1016b4b39e4c62bee40dcdc539,train
02808440,6be7c8fafd1268776b448b8aaebb705c,train
02808440,d7d404ced8414f01a64e5c46abb30c70,train
02808440,3858ea48966b8e5654d7082b34825ef0,train
02808440,5ab70805cc7ca4be73fd10002dacf954,train
02808440,81a7ebba1f545a4b57b6140a0b345e1d,train
02808440,6c122d48d254276f3321831d2245cf06,train
02808440,10e41094453d1c6d4c62bee40dcdc539,train
02808440,f0fc7248fd16e45dfac6ca167c92d21,train
02808440,6a6fed877d517549b12da0b74652c93d,train
02808440,a26c4780b14a9d13d84d1b7b18d6e7c7,train
02808440,63c94de548d3536eb362845c6edb57fc,train
02808440,38773e1ff9871cb33321831d2245cf06,train
02808440,72685559e732565bc394d70fcc44879d,train
02808440,594c15031388ed1588cafac7d7e6b54,train
02808440,84c48592fa2c0d82b73e9e930f636032,train
02808440,e78f7e89878402513af30a3946d92feb,train
02808440,fd415d5823bea51f44221bef0fa3c36b,train
02808440,35a0eec62047815f7454c09d6230a4d,train
02808440,41d90b22f1c6a4a083b345c7947a2916,train
02808440,30518996c975c64bb0c867f4bb42a876,train
02808440,88f7396c2dc207d3b362845c6edb57fc,train
02808440,19a77323e724b7c43321831d2245cf06,train
02808440,8932abdd856b615756e28fa5d4761d89,train
02808440,401637cb32f0eebb2b8489ea79093b09,train
02808440,916c3b82c5ce6bda5be62ca6b91c7ede,train
02808440,e15eb12dd12574171645a90c3364810c,train
02808440,b65f30d853b7cc96f86926db87a5c419,train
02808440,5540561e61ad6e063321831d2245cf06,train
02808440,2c62b19b80a63f443321831d2245cf06,train
02808440,5841ba7ec3f334dab362845c6edb57fc,train
02808440,24bbfd544bd0db74ba2cb2a05654d738,train
02808440,2b1d6ad1dbdc945bc3f6ab99a06dd7a,train
02808440,dd3667be79294afe3321831d2245cf06,train
02808440,125720e2aad7cbae412ac8cccf0c180f,train
02808440,24b2f2a1856df791bdb62d1caa529a98,train
02808440,b768643834bdd3eedc749e0740d903a,train
02808440,8e1de9c946615fbc6f893b5bc716a3fa,train
02808440,629f52ed43de72e6ccd0340812259a39,train
02808440,3290b970bbb388fa3c8d0fdfb1cc2535,train
02808440,f8df3a70da926ff2d53f422837597b30,train
02808440,a879b178b96ede50694afea2e3c77a94,train
02808440,52f74ddc2d35e8e900a91cbf836390b,train
02808440,c473362142f5cbdd8dbde1890f8a76e,train
02808440,47b337a43af4d557b8724a732b3d4cc1,train
02808440,569401dd38ba970a45bb0997ddc5cc23,train
02808440,e23251d421d5f7d6b362845c6edb57fc,train
02808440,f7e08b485c7e64bc1fc68ad6ef71f41e,train
02808440,2677d8c3f8be424a6575a854c6bafe,train
02808440,1b021f1332e7d185ccd0340812259a39,train
02808440,dacf794f991fc0173e9b7c3ab7636200,train
02808440,302618414a9991de3321831d2245cf06,train
02808440,805f3d85487a6e523321831d2245cf06,train
02808440,526f26b56fbee9221291d1279f7bf122,train
02808440,f1395152e42dbbb33321831d2245cf06,train
02808440,c4920feed5e6b7ebccd0340812259a39,train
02808440,429ca6c2fc2c018944221bef0fa3c36b,train
02808440,25e9f914f5c18b2b3321831d2245cf06,train
02808440,9fe14f7850411851ccd0340812259a39,train
02808440,a5554278ba72e07213d2510999d0f1d2,train
02808440,cdc30ab10100ed23fc4743bde9e89079,train
02808440,9db2b3689da207ddb9cf447f0a2a43d3,train
02808440,95ef936127865ae2a9a1691b6f98331,train
02808440,ace556a5c45fcccc1c17aef130ed6213,train
02808440,20192aa7850b2ba35821ec2db55477c7,train
02808440,6716bbccb88071daed20bf7873c38793,train
02808440,ed35928bd1dc8a2fbec80b85c820859d,train
02808440,c5a860b9e3a4ef5915aea01a869de65,train
02808440,4cb7d2c28ef5d4d854d7082b34825ef0,train
02808440,617e1aa8b3e05d49bb6226644eb475ad,train
02808440,b0cf9853f86d85c062c5411db2c28360,train
02808440,398f7f2f78f8794686ecff2582325794,train
02808440,98a94630dd0be49444221bef0fa3c36b,train
02808440,b3bd8f6d01d70f47b362845c6edb57fc,train
02808440,5d403d56f762fab7b362845c6edb57fc,train
02808440,8c4d0c92f26217a84c62bee40dcdc539,train
02808440,c1b1aeff3537eacd3321831d2245cf06,train
02808440,7e3f69072a9c288354d7082b34825ef0,train
02808440,10caa8d340fa0fddfcd4910413c446d9,train
02808440,e41cc68c7809ec9a412deb0d2b0f3dcd,train
02808440,3cb7df6d3fd900acb0026ac53ebb5587,train
02808440,b906bf01b0f9949044221bef0fa3c36b,train
02808440,e203fafb218840443321831d2245cf06,train
02808440,4a7d4186a966d777e49bb55b21b2d30a,train
02808440,97cc75a511c0e11b54d7082b34825ef0,train
02808440,b6df9d21acef1e11b362845c6edb57fc,train
02808440,babd4a4655d271b8ccd0340812259a39,train
02808440,3db87ff05c046a58d787d15d1d196768,train
02808440,52da987951645a4b3c8d0fdfb1cc2535,train
02808440,fb39c85a8e31535b4c62bee40dcdc539,train
02808440,1302d8860c7bd1e17f53f1372963d362,train
02808440,a807c9e7d931552198e5dcc53f48a2f5,train
02808440,1f026dc37ca7c7b26b448b8aaebb705c,train
02808440,b23e03b24683b504cfc7935acf134396,train
02808440,a9e1f301ddd72647fe52ffd0e748a1ab,train
02808440,896808e1daecd437d72076e39d62f17c,train
02808440,25164b395b98da1ebe72274d9d6b1d8a,train
02808440,549245920e6e0e7c6b448b8aaebb705c,train
02808440,e456b80ce2d41953ccd0340812259a39,train
02808440,b6fb767050949172ccd0340812259a39,train
02808440,417754618af59dd754d7082b34825ef0,train
02808440,d446c087555f507b412deb0d2b0f3dcd,train
02808440,357e42ec5c66861cccd0340812259a39,train
02808440,f7c8d4e57a30918944221bef0fa3c36b,train
02808440,cf9814ecd52f9dcafe52ffd0e748a1ab,train
02808440,b450fdd06d466db83321831d2245cf06,train
02808440,ed208a6ca79ca685b974c98e4d49e283,train
02808440,547a161a58187d52d4ba28a7ac06cf0d,train
02808440,2d765fd16aedb02b362845c6edb57fc,train
02808440,6e586dee4b54e6556ada9e1e675a2b32,train
02808440,805bb0974d261c98e98372688b8dcb7e,train
02808440,210c971bbc492960b022c94235bc8601,train
02808440,2ad3ff96fe7f5d46a9420f0961aa2e8f,train
02808440,1fb49b048e21c27344221bef0fa3c36b,train
02808440,9177eb193eac94dbbdcdba9491bb75f8,train
02808440,830fbc92254de7051c17aef130ed6213,train
02808440,ee2b060177dcc12522f427296d72cac2,train
02808440,72b2ecba8ab54af8b362845c6edb57fc,train
02808440,8738c8df22c4847fad99c01a1a18d1c4,train
02808440,f1910f9ad5c58ba7f5eed355a820c382,val
02808440,2a57aa530ef82b91904e03fa15bd73ec,val
02808440,4310dc866b24e314cd49a3bbe129f2e,val
02808440,8177f9d2397e8dd3d85b29704f5fc7f2,val
02808440,b5de770d4158a9875ad109ec59db9fdc,val
02808440,539296c36596f6d3b805ea9e53402739,val
02808440,945852e568b5674a1c17aef130ed6213,val
02808440,b19ff5aaa6a6940b412deb0d2b0f3dcd,val
02808440,b08eb2a2c20e681af51a9050d9136192,val
02808440,32a286ab7be40cfeb5c63839abd9baad,val
02808440,c04531f473baa75def0b2fc3511b6fbd,val
02808440,4a7e3ca704e59439b362845c6edb57fc,val
02808440,eb7eae7aebd087323321831d2245cf06,val
02808440,5b088060eeffc5723af30a3946d92feb,val
02808440,52f17cc850b55edd54d7082b34825ef0,val
02808440,a14611b43f16f0fff0bee563b25a27d8,val
02808440,c118e19caa1c626431f28caafecd610,val
02808440,6be2b6d4aa8124a34e61c48313846944,val
02808440,e3129b782d99d04a44221bef0fa3c36b,val
02808440,23288026c3ce8e5dc197f3661a4ec752,val
02808440,ff507a7e1febf2ea3321831d2245cf06,val
02808440,20c8ca22f5010bc81291d1279f7bf122,val
02808440,247a755e3e86bdd254d7082b34825ef0,val
02808440,11fccf143d5209c71c17aef130ed6213,val
02808440,f7db8bb845d6024e7935a3238f63108a,val
02808440,bc990a3fff60a55ea64e5c46abb30c70,val
02808440,519390da89f5cdc83321831d2245cf06,val
02808440,ab60eb30629849e96b448b8aaebb705c,val
02808440,b46801f946f4dd403af30a3946d92feb,val
02808440,15c43d52c1c50d373321831d2245cf06,val
02808440,6e4a0d8f65be087458da1271ffd33120,val
02808440,d401cc66a61e9177355e3146e6882aa4,val
02808440,5015f03078bd60f8e219859c1bc1bea1,val
02808440,545abe6ce52a927d3321831d2245cf06,val
02808440,303b0d2566846f373c8d0fdfb1cc2535,val
02808440,8bb8368541ec46f654d7082b34825ef0,val
02808440,a1c617c1cdc5553b3af30a3946d92feb,val
02808440,88ba375e0d96eea94989fccd91bef01,val
02808440,ca14dca61e50a05b3048063251585afb,val
02808440,d8ee3cc88f58ef06a39450bfd028c5f0,val
02808440,663963fc3b16a4fcfc9a8c335b5abeeb,val
02808440,469536fd1244fed42bb02d55712c595d,val
02808440,c9dfb7c152684e3f3321831d2245cf06,val
02808440,e1315ed591ae2c6af6a9cd46986959f7,val
02808440,8634d5d3fbd559c8c49077a31b9f504a,val
02808440,b9faf51cd53539ae8bb4434d620302e3,val
02808440,a44b0784e8f0c72d8a1b2423d95562a8,val
02808440,dbbc5c9f97b42166c45c4181842feaed,val
02808440,3d6afd4a791e5bdeb022c94235bc8601,val
02808440,a9d03e90d548a19d412ac8cccf0c180f,val
02808440,958ab8793129ffb53321831d2245cf06,val
02808440,31d9bb666cd262004f535519233c8e8f,val
02808440,3121fcae458eebe383797e9920834fab,val
02808440,a57f7ca2555de207a6ebaf0d97eea08,val
02808440,240302fe2eb2dafc322ed2ef5fc90e25,val
02808440,986351819dec1974fe52ffd0e748a1ab,val
02808440,28f7f68307ad843944221bef0fa3c36b,val
02808440,ef03e3a3dd7de9cfe52ffd0e748a1ab,val
02808440,e1133d232c5fd7993321831d2245cf06,val
02808440,536cbcc72e3f648fb362845c6edb57fc,val
02808440,202920053729ecd1ccd0340812259a39,val
02808440,532ea759470c7e0b3321831d2245cf06,val
02808440,63e2922c33f79afaec72042a273c8bd8,val
02808440,76004a2497f3bf98581a5df406f5588,val
02808440,ceaf2e69f2c5402ac76194fc117cdc00,val
02808440,148ec8030e52671d44221bef0fa3c36b,val
02808440,99b04530c2640e38571be7eae57ba8b5,val
02808440,693b8a150f9e844e50539bb73fa8aaff,val
02808440,b73dc1a43a1f4685e06a964c79aed206,val
02808440,1036dbcbbd36fbf385d4c5933ce331fd,val
02808440,a4c022ea469ffc054416e513daf6e560,val
02808440,a7e6c5f63e2ed8c2f6b70f40d73aaf47,val
02808440,3bbf438a17d77cbe3321831d2245cf06,val
02808440,782e16fb84e867632a3ca6620448176,val
02808440,d5c8f32fdf76cd316b448b8aaebb705c,val
02808440,f901b929f8c976793321831d2245cf06,val
02808440,e65dc1c9c07f7eaeb362845c6edb57fc,val
02808440,cca20dbad3faf4343321831d2245cf06,val
02808440,fffe3ce4db102b3254d7082b34825ef0,val
02808440,61a7615cde3ec86a2cb48639eca80132,val
02808440,c033a70110171a594cc3b7bdfa613934,val
02808440,2c217197bee9dfbcb362845c6edb57fc,val
02808440,9f55d5b55085bd9a5e7c3700a257e43e,val
02808440,40b85440de55df08b05d6ed777b5533,val
02808440,9c72e9c273fa91701b5647ac5820a290,val
02808440,d9bb699461f28db61c17aef130ed6213,val
02808440,10d8ddc79b74d150d9b53420a5458c53,val
02808440,e9c2323050d30491b362845c6edb57fc,val
02808440,3b222c644a783ebbfcd4910413c446d9,val
02808440,882ea3f99bb9e7703321831d2245cf06,val
02808440,ee70154fce37a50fb362845c6edb57fc,val
02808440,ffa8c8fe242f0df054d7082b34825ef0,val
02808440,f4f6e4a355028a6dccd0340812259a39,val
02808440,c4f40a208cc903b18faaa3c714890be6,val
02808440,e7d3cba805b57f5fd011a170fc36c24,val
02808440,f02c871c08d664544b97a2297d337e28,val
02808440,2f5a70ee78ed7cfaca581939cd410ca,val
02808440,d498df3b7c7f53c6f74d83b4be105200,val
02808440,12976a1c355efee1ae51c8fb67762055,val
02808440,ab48dc1b65a3af0a3321831d2245cf06,val
02808440,54cd5f394513b67fb0cfb8f47209a593,val
02808440,a46408e74eb7430893a9c38d07133147,val
02808440,9269512d34ab85213321831d2245cf06,val
02808440,d422fa89aec6c1bb50d0c6a0c254040,val
02808440,7ab27b5a8e1b0ed2fe52ffd0e748a1ab,val
02808440,7c9e7480ab034225dcfe5e111166f221,val
02808440,2231d841b91eb6d53321831d2245cf06,val
02808440,b6ad2af249e6f779df87b9c01eb0d775,val
02808440,f5713226c59f9332ca11f350bd7ec054,val
02808440,d0c3bf270f9e04eb362845c6edb57fc,val
02808440,f629c8296f95491d83fe9e17f17632f1,val
02808440,c075ed9936aefd1151f7fdc9a9600159,val
02808440,397908e45ef98af8aa8891d8ac9b291,val
02808440,2e61279ce7db97ab3321831d2245cf06,val
02808440,1dc8e88da760f186ccd0340812259a39,val
02808440,29aaa8f337632ec125fa9990176f0d5,val
02808440,9a4d71b2741f45f3afc9f2442d869509,val
02808440,a0020274eb81d539ccd0340812259a39,val
02808440,353c2a6611d4f72d3321831d2245cf06,val
02808440,e37fc3b3ec688a44a451f23dc98be5f0,val
02808440,edeee2a9acec49ab44221bef0fa3c36b,val
02808440,7f5a3684f57a6fe754d7082b34825ef0,val
02808440,b3dec10ca40086343af30a3946d92feb,val
02808440,868d4ab648e8cf62b2f1a4f3f8449762,val
02808440,b3e22df8581158c66f893b5bc716a3fa,val
02808440,56defbfbfd46b4533321831d2245cf06,val
02808440,a7d1d15be88c5cc133d742e03c58860e,val
02808440,f9215f88025cf2474258477db4e0c1b,val
02808440,544762f1081340bd3af30a3946d92feb,test
02808440,fe063b20427b13bc1c17aef130ed6213,test
02808440,56fe318a9d7fb0503af30a3946d92feb,test
02808440,35cda808679bc2544221bef0fa3c36b,test
02808440,8e22e5984d5149c835e1d1ee0e46a9dd,test
02808440,c534e117a4fcebf67843fb4efdc19510,test
02808440,7ec638ee1fa35cbc125fa9990176f0d5,test
02808440,9c66a619b577ae713321831d2245cf06,test
02808440,c9e4c04d662d401afe52ffd0e748a1ab,test
02808440,4a6ed9c61b029d15904e03fa15bd73ec,test
02808440,673e5bae900225783956bf2322987dd4,test
02808440,dd6db8928546fa02461827fe9825f696,test
02808440,af7fedb716fa3b119b5b1575bf5ce108,test
02808440,4a41317b5baa2d52c658b057b1ffe06f,test
02808440,2272656841c3c84a61c4f2a9857347d,test
02808440,57f5f67de9a46afbb362845c6edb57fc,test
02808440,7fc6a3771c2018d91884c7a487bba311,test
02808440,6751ed8cb63cc76e3321831d2245cf06,test
02808440,fca2b158f36e31559ce9562d3c10079,test
02808440,5132921c7ed221103af30a3946d92feb,test
02808440,200c5297948bf57f6b448b8aaebb705c,test
02808440,6989e5532cbdbbf344221bef0fa3c36b,test
02808440,d1ad479b9c04a9e6ae410fdebd404ac2,test
02808440,4d442c72b0083566ede9471c962dd6ba,test
02808440,abb5f87e6c6705e1d43b13ed5ceb051e,test
02808440,d34d1113a1125ac756abb3039ae17c7b,test
02808440,c4d230faadf735c3ac7bed72580dc30f,test
02808440,589c1f69b5a29cb7b362845c6edb57fc,test
02808440,7a3541431dbfc5d6dbb76013b759885f,test
02808440,906d00e5cdd0f23437b3df14b1086ae1,test
02808440,3c16de8249619580fe52ffd0e748a1ab,test
02808440,fefaeb0bbd82f411412deb0d2b0f3dcd,test
02808440,e34616db6be63a881c17aef130ed6213,test
02808440,a5da160ffe4b697e35c5b7b901a05c6e,test
02808440,3f61daaf0f87563b4ed5b40788f6ba60,test
02808440,e9344c904146df46533e0927d26599e2,test
02808440,bab85a8a0338b58e3321831d2245cf06,test
02808440,24ade9db94db6f22b50d0c6a0c254040,test
02808440,c6af9be0c0038798ee5eb4c41d8a7ecb,test
02808440,d127726fbd237ab197c5304296d7b1a1,test
02808440,f88e093eff5adc09ccd0340812259a39,test
02808440,575c40e0d9d3f2d75ac2d26bd5b040e2,test
02808440,cd55a6a2d57067df3e49f3a2a35ec8b6,test
02808440,49b59c49ceed072491b664dd7cf765a4,test
02808440,733dd5a046be8d4029a0731d6489a64f,test
02808440,77e53f8e3e624a1cccd0340812259a39,test
02808440,3bbffbe6bf88c8cb362845c6edb57fc,test
02808440,767fd747f18ccf466c2e38b335c98be4,test
02808440,c3fc4231f0388188125fa9990176f0d5,test
02808440,8c181fc92fbba230a341228b21d337a9,test
02808440,f3cb920a47e224cb39773ee5b5578e3,test
02808440,f1c38a8f87ca506f1884c7a487bba311,test
02808440,2b535c15e1baec23ee2de8169f41c6e9,test
02808440,faf3f0ab58eb18d263f5120cfc7fc76f,test
02808440,25d3c9f5d30682ec1562059f17dc3c45,test
02808440,5e9c7ef153807504a58a5ecb2008fd42,test
02808440,5125de61a2cf9dd2b362845c6edb57fc,test
02808440,cb6e3dea697f87e55f0ba4cbc0133dcb,test
02808440,1ccb1ab19056b80891a2440e0fc33776,test
02808440,2426e758dc1d2681ccd0340812259a39,test
02808440,d917f63efd341a0f54d7082b34825ef0,test
02808440,44094937bf0f806c49cad307d3d06994,test
02808440,b1df1ec87212143781ed34698a1642b9,test
02808440,75ab1d00c330fbb36f893b5bc716a3fa,test
02808440,bdfb4d590b4810f38d90c09521490a5e,test
02808440,c0b9dade20bdf5eb17bd6af98d7f8e7,test
02808440,5ffc44cc5b953a4b572c0ed39433d683,test
02808440,ab3e7307f7e3a435863bb5f5739560b1,test
02808440,259a1fec7969d3e3501f3c19b1676682,test
02808440,79db8c9f8cac9aa680ecb974987586f7,test
02808440,311c8d3738490a553321831d2245cf06,test
02808440,a6c700ba871bb9d7f76e18bed49cf55c,test
02808440,8ebeac47d29d649acb6267f1b348aaaa,test
02808440,e34833b19879020d54d7082b34825ef0,test
02808440,1c908b81867d6d85b362845c6edb57fc,test
02808440,56e2c0a605db987e28baeef8b0265e92,test
02808440,b82ff88475f56b66c7bff4dd33a963ab,test
02808440,6fe04845ce20dd244221bef0fa3c36b,test
02808440,751e8ebf30e1045e54d7082b34825ef0,test
02808440,2aadee812a70aa79fb3819b3d3d9c448,test
02808440,7a9c46a3a33c7f5b15c4530387bfd,test
02808440,29ad8134c0e600c458661a3fa3dffb70,test
02808440,fda9e9a38854dcb72101dcac4ed75d3,test
02808440,6e0d5ac416c002d13321831d2245cf06,test
02808440,eaa7c4771b639fc554d7082b34825ef0,test
02808440,4aef9fc6633010a927b4493ee0c4db3f,test
02808440,3a55b7caf574bdcb362845c6edb57fc,test
02808440,f7233d47ac57e17f125fa9990176f0d5,test
02808440,6ec3dbef4a3e1cb279d57ee14f8ee702,test
02808440,fcafadf19df05ee11bb088904f7cb154,test
02808440,d7bfb73072d8a3fb54d7082b34825ef0,test
02808440,3b501fa442876e4860fe69425c98b781,test
02808440,ea012fc2a70eb38c14b1a3362bf89056,test
02808440,11d2f19d44c24eb53321831d2245cf06,test
02808440,5af2dea565f2cd7138da322e72ae3fae,test
02808440,b47731bf94a8f64bd765b52819c487ba,test
02808440,8b1b57f4b4f2477b362845c6edb57fc,test
02808440,4d7ce41fe16725c5e346f79b9a86790,test
02808440,859f263919c702bbba4fe5622b726d13,test
02808440,fcf3ac6ac5ca3738e6b3aedd6ba272b,test
02808440,d8c81bf718d534776b448b8aaebb705c,test
02808440,c6dd3b539e5effd61c17aef130ed6213,test
02808440,dd544ed9e15f9a0e3321831d2245cf06,test
02808440,45b3975a2935d2fe3321831d2245cf06,test
02808440,adf9df7ae15500f88e30f00c0774a63b,test
02808440,184db8d39477c64f1475ac52df31feb8,test
02808440,b7f3c33d4cf8d2fd191c3762b497eca9,test
02808440,9e0e6ad9f5fb863bb362845c6edb57fc,test
02808440,51ec60c0a42d6b23911cae4661bfbfe1,test
02808440,4d3a9133a7297ff54f0ef2e216a06871,test
02808440,2a28b3c0318590983c8d0fdfb1cc2535,test
02808440,18a3dd79ce17724bfe52ffd0e748a1ab,test
02808440,19605cf5174935043321831d2245cf06,test
02808440,8604c03fb772a81eb362845c6edb57fc,test
02808440,b4e2c11f4c01123933d9cf37f30825d7,test
02808440,29081c2803a3c83b362845c6edb57fc,test
02808440,a91650269d8efbb454d7082b34825ef0,test
02808440,e4f9cc6d4b3e4bcaa26ee71c5a5a672,test
02808440,ceba3a37ceb3f3cf798df87163b1956c,test
02808440,2b655690268f451a11fa1d2a0b030f17,test
02808440,e3ecae5ad7f21c683321831d2245cf06,test
02808440,35576badda1a56e6ead5604ea0ec0346,test
02808440,4e77f04af9f378fd6bae7522bd91c859,test
02808440,53b67010fcd56a163321831d2245cf06,test
02808440,5a67b4165fca8f4a34558e566e818bea,test
02808440,e592e2536000ee2644221bef0fa3c36b,test
02808440,176b7a226dbede9ba9fe1734a6086750,test
02808440,2ebcb0c668523047b362845c6edb57fc,test
02808440,c4c3e4b9223ac6b71c17aef130ed6213,test
03046257,dbec11f4a9869cdff51f77a6d7299806,train
03046257,408a3303ef2731a48358026595a97ae9,train
03046257,f4104a9af5a0fb3cf016aee3d784d83c,train
03046257,c04f2df69acd7361bebd3c0c0c70fb03,train
03046257,31e745ce313c7a786463df620b7b4cbc,train
03046257,aea16490befe0ce676e9713f57a5fcb6,train
03046257,faf4bfc17b75a160af04fb2a17e783e6,train
03046257,8c00d87bcc8f034aa1b95b258b5f7139,train
03046257,5c9012a6af482ce01050b055aafa6fb8,train
03046257,4d804d5f4e5d87e88d84bad46345484d,train
03046257,afeb49c6ae3977cfcb87baa8bbd720aa,train
03046257,1f9ebcee16d5164b62e575249843c117,train
03046257,f0f2102800fa6493f130e9cdbbb1cf40,train
03046257,d0ca6059273922d25daff59553183e5a,train
03046257,d3ee26da2bf297d9815b2b467e8e2eac,train
03046257,9986c03f7d7e8ed111d1123cebe2740b,train
03046257,6a4547d6f396b3212871cc0b3cc1a485,train
03046257,60bc27587a400433b885fc9e74ed3e30,train
03046257,cb6ee0f8931923cd4f262ad0a8c89c0,train
03046257,3ef61faef1e75fa12b47e06a5eec5e27,train
03046257,6fd5c3b0efc04f3986c439c0403660e8,train
03046257,5fd0cd70a717e36914038d588fd1342f,train
03046257,53b0f32afc6cac64f5d4e1af18c85258,train
03046257,f1e9b69dbcaa8ca84b3c42e318f3affc,train
03046257,987c21af1a3664b134a81acd9cfadf13,train
03046257,f1e2c567a76c9b0ee3f7a74e12a274ef,train
03046257,b9d78c6a787d2097786e4057cea53718,train
03046257,d295c1b6b9d134a65f7f2cf289fe662b,train
03046257,8944ac6e4a7ee7d1e47b5004844debd8,train
03046257,e6e0cc99a9c6c104f51f77a6d7299806,train
03046257,6d12c792767c7d46bf3c901830f323db,train
03046257,d322992d2c1df38b75119b5f9ee576b7,train
03046257,86c295f96d02fda679e11b00c4c5627c,train
03046257,bd3924dc45097f029ba80f08c401fbed,train
03046257,a0cac1c1e4de1434f51f77a6d7299806,train
03046257,374814b7c9a221d6c5f11660af3a01a8,train
03046257,b7b62ffd6555121df546596ce7364503,train
03046257,883d4ed6c9441e8e707e09f70814b7ed,train
03046257,944ce52789d061a74d6ea0439e37ef4,train
03046257,ff3923d3ee5855ae13b6a765d5fd3ff9,train
03046257,a1a8a811f5260ae675aa7f24a9b6003a,train
03046257,ce1c9b167cb2db948f83d145fcdeb409,train
03046257,b4777d47dec08048fd0c7dcabf865c9f,train
03046257,5b85d1cd4b278549a506c8b68491bf64,train
03046257,75b2120c563d66edbdfa5e0753fa3240,train
03046257,8fcb8178010667392f84cb7932f866fd,train
03046257,7af418de6847137d2ea98d69e91ba870,train
03046257,3234632251c769afe460d06cd9b374c9,train
03046257,9e1e652f6477ecc87b9aa4fb5234ab40,train
03046257,97fc20eff457b57fe6fe3612af521500,train
03046257,25963f5a66bab37529a60d6ab40898d,train
03046257,e37eff8f127dbaa9902a571380e15334,train
03046257,2022b303e954ad7ed603cac03886a314,train
03046257,8426dc58f4b4d94bb43e6e0f22ab9ac9,train
03046257,99d0eb7e23df54864d46ab71b147ac5a,train
03046257,56303474bcea6fea3b48a711df82173e,train
03046257,a545e60aa1f2e13bcc84fc85b2c06435,train
03046257,d76b2c36bcbf8fd7ef76898f881b76a,train
03046257,4e5b4341af6bd97368baccb6cef7077,train
03046257,569f15f5c49a880c5c9c63683b16d1e1,train
03046257,67e0ff4c52bea7ce61cfc645a8f27696,train
03046257,772f1ed7779459e8d835a15bbfa33167,train
03046257,9f56b67ee6ba16fca05d3424fd8d541a,train
03046257,27c132708bab56bd32320778c4ce7485,train
03046257,97789558032ec294f166e7ba85df03e0,train
03046257,341c76da1822e1793a86a6fba656f58b,train
03046257,9973f62eeb03fa9b6e259a0b666e79d,train
03046257,73fba47ad11432dd14daed0f93827804,train
03046257,35e5685d7c25ed8564c33a5741e8e076,train
03046257,14d26e0c75890a69d1100e95297cce90,train
03046257,4ea7645a8421c2cb9c2b8a7ac19b29f5,train
03046257,52255064fb4396f1b129901f80d24b7b,train
03046257,73956ea1cfbaa5ef14038d588fd1342f,train
03046257,d5cf322e44690c0d6030431156406c3a,train
03046257,44930d69dfc35c71f5b59380f08b08f0,train
03046257,6efd372c631a9ea13b48a711df82173e,train
03046257,d6242c261709ec5286d51c34f8e7e658,train
03046257,8d9e42ef36ba9e5f7dd46011c41be2ef,train
03046257,37d5bae8c287486e93eb10cbaac91,train
03046257,d11f6cf17b7c9e7a741f8bafb2e2f5ae,train
03046257,8c274f1ac64c21afd820bb9763a8af96,train
03046257,ef6c1b823990c0f4f51f77a6d7299806,train
03046257,90526ad050d212adfc00df8700518cc6,train
03046257,a939cbfae7bb05effeb1e532f4bae7f6,train
03046257,806f319a7465817814038d588fd1342f,train
03046257,90d93cd686935a4bd866363c8e6eab2b,train
03046257,f4877fa753aa6f515445e46058840642,train
03046257,15ba3509f1dbe068f546596ce7364503,train
03046257,ae8042e2ded0cf01b17743c18fb63dc,train
03046257,a60acab7ef47ad82642c99c10134b38c,train
03046257,9f47c0e99e0edbc8868fb986bc092533,train
03046257,d545c16fd540a91127a97d6c875f5b81,train
03046257,ef17c03de89a1ce3b1bb46d2556ba67d,train
03046257,e23d73e264608468b5e1005644816d9f,train
03046257,38c78a9f3f676878dda58cf2744aced9,train
03046257,57c8fe2fb023b648ae29bc118c70aa10,train
03046257,3ef61322360370ad81cb5f482735cd59,train
03046257,8a759c2f399d11e01560641bf48464ff,train
03046257,db1ae97ebd6440613ca265f557f5dc3e,train
03046257,fcdc11d9d040e18ae65235d5580cc3e0,train
03046257,91d9bce8460a5cd010fe662c4b4066df,train
03046257,c07b92d1d7930faab594bbf2c494ab81,train
03046257,e13f5f28839b623bcff103a918fa8005,train
03046257,8978869197f846ab31a50841704a69bf,train
03046257,79f572f4428ad13cf54e1b6f41fdd78a,train
03046257,1948275d99403353d7bf6fb68df7f786,train
03046257,7608f3f2d484aadd5887f1f81e7530ec,train
03046257,d697509cab438f240ba17ccf542984c,train
03046257,c084297af1373b36b4cd1bd556007aed,train
03046257,9e059e591d0daaba3ad3591a780fa12b,train
03046257,d86f29654ad0040114038d588fd1342f,train
03046257,5a9ef9410163bb569100b79b765fc7b1,train
03046257,37a995cd9a8a125743dbb6421d614c0d,train
03046257,64f72d2cc5449a28e2334ed17f235e6c,train
03046257,c74cef5d18061c5b5dc7f4502a6f8c8f,train
03046257,955b66d63d6a92f5132fd0b3f17b0d6c,train
03046257,fb0c59c0bedf2276f51f77a6d7299806,train
03046257,40f7ac90780052f99539294b73a00f55,train
03046257,64bb924549024c7cac26591069295f15,train
03046257,f1bb9e3a9f4b37984ccc5a59d21f8efb,train
03046257,86a053255fdd01266559ee74abc3e41,train
03046257,375bdb86278eed0cafd37229d372aba7,train
03046257,f1f87122fedf6e22230584014222e685,train
03046257,f1ee996e8efb941ad8912880b776dcf,train
03046257,9b9e9ebdd5c4941452b2c671e4d4765b,train
03046257,b13143d5f71e38d24738aee9841818fe,train
03046257,3477c3900a9b1124738e43095496b061,train
03046257,9c5997539e0a6309356a0af0abfae2cd,train
03046257,313da995b26c1ab2e18cb30f79057c27,train
03046257,93369b3e29648260490ad276cd2af3a4,train
03046257,ebb7e54b68ffcf2c3ee5ff7ba8322f9f,train
03046257,22d83db25a203f8535208cce48b17170,train
03046257,6bd4036a2ef142fc956e5f06e8cf4db,train
03046257,f18450425e69b37b76e9713f57a5fcb6,train
03046257,1b315e0f647b812619a7b441086db5cb,train
03046257,e2f7bb607fce0e39cb0b7c9444ff3e4f,train
03046257,cebb0e2be3b2cc1b474465268b958bdc,train
03046257,f36af79f59ace6f3b48a711df82173e,train
03046257,11c8463ba58a134b68661782af60b711,train
03046257,738dbd4808eec6c5472c1918bd40698f,train
03046257,bc66e7f0d88274ac58308ff4b09ad476,train
03046257,9d3efcd35cda4abac7cdfa94351d0f74,train
03046257,7d056103f42dff83788a9e26a791a23a,train
03046257,220d4bef77a82fb164c33a5741e8e076,train
03046257,6d193b1a63e7f617977a52409ec6c456,train
03046257,5aab22188aff5a9ecd124d563222b065,train
03046257,160f24d660e3183235836c728d324152,train
03046257,327182214670d929f51f77a6d7299806,train
03046257,a6b58e9bf4b74ea461e381b34d499d82,train
03046257,de0a333f86fd60713b48a711df82173e,train
03046257,51184ef0d515b5f2345b53c800e94980,train
03046257,7c7204ae38cd5ec7af8a2e210ebd5168,train
03046257,9bd39bf4d0072abacda14cd39ae8c7f,train
03046257,8627319b3c0a9f4c90ce699a92b3fef9,train
03046257,38b77917fc05e5a390e588f8bb3fb0c,train
03046257,f57ba7abc40fa531e8b2e9c72a02f109,train
03046257,896f36a9b765fabb504721639e19f609,train
03046257,14556ed62cba8483365bd0790b72f2a1,train
03046257,29d4598fa30e51958e2b55561bfbee30,train
03046257,4fea2346a95ff9fa97e30bfe57d923fb,train
03046257,47aacfbeb77a977b6463df620b7b4cbc,train
03046257,c805c00b467a90227cb512ba2d8dc1ab,train
03046257,c2a14e7178f4153cf100868565cc78ce,train
03046257,36ba88f12840e84bbc3768389c53bfb2,train
03046257,1d5a354ee3e977d7ce57d3de4658a486,train
03046257,929afe0b3ad23608c7b37fe5d21f2385,train
03046257,c65500930362e3b925bae8352085782c,train
03046257,6766bb45cfe7be90c9fa91c1b1e026fa,train
03046257,cb73394b6bf07fd61b17743c18fb63dc,train
03046257,aec546edcda7c5abe579ef1e3d185e3c,train
03046257,34545d313538df146463df620b7b4cbc,train
03046257,1c1899bd9fa34ba7275d003e423c59ba,train
03046257,db230ee6f183643b14038d588fd1342f,train
03046257,caab4218b7855fc5de9107ce13dea90f,train
03046257,1896aaea4625200be7b657772044425f,train
03046257,4f6b01b011b8b21354cd2a0ea6cb618b,train
03046257,3ceaeac7f8a243babd4bf7024dfa167d,train
03046257,50acbb342934ddd8ef71ac379ee99590,train
03046257,147df4e2a9af41fbf51f77a6d7299806,train
03046257,7b10961a2fb3de4b4b3c42e318f3affc,train
03046257,c764e7f423ea0b0251dd279724dd0c,train
03046257,e8c8090792a48c08b045cbdf51c133cd,train
03046257,b4604066f95413ffd2d25e908d9cfaf6,train
03046257,811e5e7b22e7ed15b9cdfe8062f449fa,train
03046257,921afad0f119509c4e09ebaf49b0cb2f,train
03046257,cd074c458e0aec2a4b3c42e318f3affc,train
03046257,a9e4fa90c4e6349ae71cd3b669370f85,train
03046257,88565e0eb863eb31426db14e2702705d,train
03046257,166bd86229867093031b562a9def0c1,train
03046257,c00fa590249faaac140ebdd4d6d66fc,train
03046257,23f83dd607100e84b5c397b37fbf4059,train
03046257,471eff2ad3d20a6f329dc8ba1de916ab,train
03046257,e479a6ba9b2792d59c2f1b6ea824cfc,train
03046257,435fcecdc24372a09e4965f0106e00d9,train
03046257,6c436e74fedfb0d54fa6e466c3dafd05,train
03046257,1251971bcfcfad61624cf22ecb5162b7,train
03046257,854f8ec7013d30aae6fe3612af521500,train
03046257,bf476938942c3e7e510ed2bc209ba71e,train
03046257,5d47a83ce211f6a331387b9bbb0e1fa3,train
03046257,b8c0cbd2f9c6e9269ba80f08c401fbed,train
03046257,332ef2906bb304e8b0aa15078ea6f391,train
03046257,49aa40472dfb892ac5d70d7dd4a0dae4,train
03046257,8f6b5dfebfdf8e34b3c42e318f3affc,train
03046257,a8cc05a9ec2e678d5eb2784f19b3d21,train
03046257,64a32db4416941acaa2b654345545ea,train
03046257,58507d92c9c0a4f07b79156a61ad4c01,train
03046257,fac633a56e88786559d14889fe22f10,train
03046257,ce222cc498d073ec59fadefffed47ac7,train
03046257,330f2677d7ba810ed527a9a6f5a872b9,train
03046257,9c3e6695a5f258a7f51f77a6d7299806,train
03046257,1a157c6c3b71bbd6b4792411407bb04c,train
03046257,41d0afa958bd0621dffd9a568a626d77,train
03046257,a245bbf8367d33ec4b3c42e318f3affc,train
03046257,10ce229d913c23d56b08f078360ade39,train
03046257,fddee751fb9c7244b3c42e318f3affc,train
03046257,9937b55d4b6bd3b3f78bdf37d618e97e,train
03046257,813fc7bf6c5cc031fcda1fad26dee92d,train
03046257,89618f2292b3d05d48d189f942cedc62,train
03046257,4325f0de6001e3a195f577622f465c85,train
03046257,f41e23b98991d0f535836c728d324152,train
03046257,e59e73bc340207bfe214891c68fa8e36,train
03046257,7504532221badbe449c9c494c2fb14ce,train
03046257,4d9733eb21fe5c76eed4b2bb88c072a8,train
03046257,c867f47e2bae884fc86d37abb4719793,train
03046257,978541d6924dd42d7b0f449c7fb27872,train
03046257,7e6fd9692405db19ae46613afc6454,train
03046257,23fc56bba1889c2e970d557f49392fb1,train
03046257,990f4d12875bbd61b76982957f05710f,train
03046257,1ca3587bf68d70d571810a8e7ede71b3,train
03046257,1782876c0f584452cf5a37a70014c623,train
03046257,95abdaa7c190243b75c7b38519066811,train
03046257,1944938643bdb1dd56538cee362f80d0,train
03046257,c50629ffd5def0793b407f4857c15d98,train
03046257,31c8a274d5b80d798325b286685278a0,train
03046257,8cac6e868bd4b4d0db54f0ac1f9f81ac,train
03046257,b029b05ae3761f0b582ed853b74eeebb,train
03046257,ee017bf2df50cf7d5ae4454b5be72736,train
03046257,bdc3be534ccf65e09ce47e8a833eec11,train
03046257,7b4bb93293c880d3e61f61099b064399,train
03046257,b9493a141be0e2fe192693a5c1e96238,train
03046257,e3a00627dcef6b854b3c42e318f3affc,train
03046257,260be91d90d4aff1f51f77a6d7299806,train
03046257,1f7441e3dc465f1291e12c4c8cef305f,train
03046257,e82da3357403f25376e9713f57a5fcb6,train
03046257,a1671be5957cfd688bb3deb7fab7c9b7,train
03046257,752bc71803170b3514038d588fd1342f,train
03046257,6d2f8c13005c05abedf0adca85d84acc,train
03046257,8b9dac705a205cba1d2588fbbd278bb2,train
03046257,c9dd71db5e6713937d0fed3563de13d,train
03046257,b0cafe0b5efb6cb44cdd82d9cdddaedf,train
03046257,b13b3f7b09b6534ce02c475590efce0d,train
03046257,422505904f773dddb441e189e5a85c02,train
03046257,56a3239391f73773a5e3e028709e0474,train
03046257,df5b2ba70ceaa05923500a5b036df62e,train
03046257,89b1770087ea083cc082c344e4f1192c,train
03046257,7c1296df0dc164abc114ce436933a33c,train
03046257,c7704d12c66e09dabcb557b5b19897c9,train
03046257,4baba9e85a3ae76bb030c2da12a8fb31,train
03046257,f6964ba8472cd2bc7adeea6eb984f491,train
03046257,f035ac6992723f9ff546596ce7364503,train
03046257,b2b40e80c9d3f530d5f1db12f95f0fe4,train
03046257,50be9eafe3abc283ecb14096838a20c5,train
03046257,1710033fefac979deed60df91eb05a5b,train
03046257,f9bd4d79a34592ce6695909af0a27770,train
03046257,4833383d30f7526fe30738a8d635be29,train
03046257,181d994ce6c150df9cd779a86f74ad9d,train
03046257,223a78dd9e6999e67c0ca8d7a07be3be,train
03046257,299832be465f4037485059ffe7a2f9c7,train
03046257,f2a47fbb788c05953ddbeec164af367,train
03046257,d8e27d8d60a9a0c091aca0a9b5efd2ce,train
03046257,388da8044b2de673b138d9e8fa5eed8f,train
03046257,4f62af2d14df6cb6eddb8fb8ef75e718,train
03046257,d8bb7dc20a30afe1f0aeabfdcb4e1dd9,train
03046257,447b9c347c64d6ab2d2d2896f4b277fc,train
03046257,f82e94171acffa9cb3914c1351b16c4d,train
03046257,18de33d37e409ea296791035e86a30f4,train
03046257,788d32da6b0e8ebdc6df46ed5c17ea84,train
03046257,425e82131e7a8db3bde2b05b8fa4f117,train
03046257,d9543e5f16e6574a8e9a0e51a554788d,train
03046257,158ba1d60c6418fe4b3c42e318f3affc,train
03046257,b31efa25b43918d59fceff51518181d,train
03046257,45234ad309a071d0ce256d7e95c7a4ed,train
03046257,9331dc400e10a91c991e9693c5aca3,train
03046257,e1275afba2cf3718d5e4ad512ec499a0,train
03046257,e8e68c0919fa0e6f1953882160211b1b,train
03046257,ed4815a2c0d6e641809222e4341a7d65,train
03046257,9a4b06f731898365afb07a946d621b3c,train
03046257,b4ba086ae065fbe3664fd9ccc8bafb2,train
03046257,e5d21511678e9075b8b431083b6191e2,train
03046257,46320beb087955da408e862e5daf1757,train
03046257,a911990b617749ee738f481f8560d58,train
03046257,3d18df96d6de08b1cbf3dda885c64a76,train
03046257,5c851029d69c6252c834958aed613724,train
03046257,81dd20fc58ca6855c0c2cc2dfa2c0319,train
03046257,9a3e3e241da6de9d93f86a8fb60496b7,train
03046257,b53a925ecca75b04455baaa8ae183248,train
03046257,1ce45a951007b5948ead471f0d2cadc0,train
03046257,2f570bb2ab6bcad896d5fa1ee6ada8d1,train
03046257,7158637af55b7c51f51f77a6d7299806,train
03046257,84d1404385710894fe3e90bc90e90c63,train
03046257,63664307ac493090b129901f80d24b7b,train
03046257,11a3be19e931e77caadb7997f5aa04c9,train
03046257,eda7c21b3ab9fc61592f292ab531da8,train
03046257,626c1a3c6fac65a924a6b810f75dc774,train
03046257,3edef12fcf087125868fb986bc092533,train
03046257,abd4fd596171d33c2d1b942ffb1336a6,train
03046257,3a1e36329722686c2c406efbeb1811b0,train
03046257,8d59e5ca3852b37e4b3c42e318f3affc,train
03046257,e0276227890674bae7169d15a0f0c88c,train
03046257,e905eb10294464464b3c42e318f3affc,train
03046257,3c4c2a5b991508adf51f77a6d7299806,train
03046257,945d98aacfb5842f8e8ef5f0615457e2,train
03046257,d08469a971f560102ea413435dde1792,train
03046257,32197ef6ce095472e59f529cd1b6faa8,train
03046257,e92cdca0cd98e908c3795daea94ab3a9,train
03046257,32a7331dfe2c9a866463df620b7b4cbc,train
03046257,f4a7568fec31f2ce2e12ad5cca2dd4ca,train
03046257,f7f1df271259f793ba0661808286ba45,train
03046257,6e5262c1b52858c5191c3762b497eca9,train
03046257,3c78e14b999a04bbcfa93d76721b3c29,train
03046257,a39bd192df9ec7475e6e4a5422e31446,train
03046257,5d7549beabcc86af6329e8c7b28434da,train
03046257,53aff981d28b365ec5996c1602569cba,train
03046257,f904afa5730aee1ff4700e9a01318eca,train
03046257,44d60011d28940a0eef5d83b671bb264,train
03046257,1926de4988741ad81b17743c18fb63dc,train
03046257,4b317124cfa511b7e26be0306b963c93,train
03046257,184454aa3ff239ccb16cd2a45f8cec20,train
03046257,b086cfa7419c820df69d21260b05e361,train
03046257,45bb09eac47597ad6fe2eb61cd6e74e5,train
03046257,3182826d3c212720c4440dd41b08b3f4,train
03046257,6073c2fa3bc752b314038d588fd1342f,train
03046257,8f8858484eae0ef5cd94c4ddf9d43fa3,train
03046257,7f5f3d2526d1c5a46463df620b7b4cbc,train
03046257,2277c1146f943ec8a5f9d52c12457194,train
03046257,5f4711bd703bd262f51f77a6d7299806,train
03046257,f63ad6dcf847c2f95860148f7c2404c9,train
03046257,fb0fd780eb40e7151b02cde7e81f0fc3,train
03046257,b263bde194a2a0be8cc14b65ef8ab235,train
03046257,7e98d09503ee0f39ad2ec599df06ea94,train
03046257,3b19d7b7f975a08abffc4b354a59e33a,train
03046257,bb0b0afc8059701076e9713f57a5fcb6,train
03046257,7c7b518b7ce049e648718eb33db1802e,train
03046257,90fe7c32c11b9a371bdc62787da74594,train
03046257,b9814ed05c91121edc6e40059e75ca86,train
03046257,6695577b5fb358ebdf5f14f6397a827,train
03046257,b5c200a23c66bfb4617724635ed7cc4b,train
03046257,94d692071e8404ebc0aaedf10d776af7,train
03046257,5437b68ddffc8f229e5629b793f22d35,train
03046257,6ed55af31d57c4f929a60d6ab40898d,train
03046257,8797071b5219973daf7c7ad2549a1b15,train
03046257,4c0d048f0414e92e1b25839d42de8df8,train
03046257,cd17490f806732d460d9b527752ac99f,train
03046257,83255e2f9b4f039372f8ff3c650e385a,train
03046257,57723d2d30d532c7adc5f5aafedb1c38,train
03046257,8a206a72f673973a435b6c388b558e5e,train
03046257,7e2751a46aa8c454e0a659fb66c2add9,train
03046257,4dab14b822fd4a06adc5f5aafedb1c38,train
03046257,412bf74d9811f27dd06c8fdd4cec77fd,train
03046257,637237e978d5168f9751189c905e470,train
03046257,1d476f6d585baf62e1292650537a7c1c,train
03046257,2f484b80a9a0f8a1c1bd423f37647123,train
03046257,844b4e8847e4612d30949acb87806dc4,train
03046257,5924dd5aeb057e576ef2faffa907bc32,train
03046257,d6659d1e40745561b0a18b9f4533c663,train
03046257,ae564765e5ba2f037bad031e1feab327,train
03046257,a14c0041225ee741d1d1ea91a730b0e7,train
03046257,6da867f9fd8aefebc26e81144f3196d5,train
03046257,8fba28ff0d6dd6bb80d26506b9358671,train
03046257,603ff80e374621a69d4f807ccb693a14,train
03046257,22a1e55050bce5c3b441e189e5a85c02,train
03046257,d5f08d4df09a74b327390fc4fd3ec0cb,train
03046257,788ec08ac9682254f504bfef7c734006,train
03046257,6965979c0f35f7adcb51c5ee8218e4ec,train
03046257,25f5f0d55feb7662f546596ce7364503,train
03046257,ca9d22c90fb687e045a3ee2cfbb67212,train
03046257,67f8adff4cb252bbf269315e1b3458a7,train
03046257,2dc32ccf8ad7e74faa45d7cfa7825fb7,train
03046257,835f94a1d33ac78bdd7f1cd6f7ae0960,train
03046257,c422e03b825d5e0046043f7519b6b4c7,train
03046257,557a521bb01e092b503c5b0dd3b93560,train
03046257,550ecca35381f8cb75b642c872f5c552,train
03046257,a70d4a4cd569e7ae4e09ebaf49b0cb2f,train
03046257,648801b3c9b7d66b9ba80f08c401fbed,train
03046257,93558e7f6f5ee9dea6a9ef34cf76a74f,train
03046257,4936b4d8dfbdf2cdbd09663b97413cd,train
03046257,18299916ec3e95bff5ca1792a289ecf9,train
03046257,5972bc07e59371777bcb070cc655f13a,train
03046257,3a5351666689a7b2b788559e93c74a0f,train
03046257,a366005a5856c873202ce3547fa5ce9d,train
03046257,758885e4c4e7bdd8e08074c1d83054ad,train
03046257,afd459e16aa2f8f438e5ac608a19dac,train
03046257,b1267cecf443b88f4b3c42e318f3affc,train
03046257,c39cf8d87c6cdb5a3339d8259ddfa7bb,train
03046257,c5fba67f2cd5797e4d46ab71b147ac5a,train
03046257,a538df6d82a197dd95f577622f465c85,train
03046257,5431835bca07a47dd274dcf5b21c1a5d,train
03046257,d2cd542928c5b684c98f75a9ff83e3b7,train
03046257,969841e102fe5e1c2de0bc4fc4d02dd6,train
03046257,ffbf17fbe4ca367d54cd2a0ea6cb618b,train
03046257,4d7de5c46a7644fe8b7965c971f6e497,train
03046257,4e8d2c3317d397dfd1f82efe36dcc0,train
03046257,a630e09afe21e711f51f77a6d7299806,train
03046257,cde7dca42588ba9c93d604ee670f39e7,train
03046257,6080c5b09917c23830c7810cba6da248,train
03046257,ea7d8d3f6b660e8f9f1a71e46bbde97c,train
03046257,670df65cc7db261f1f6dfedaba98d5f9,train
03046257,c527589d3b5780d11217e9f9630541c3,train
03046257,772008d5e703c4564b3c42e318f3affc,train
03046257,7830949f6069c4fbf546596ce7364503,train
03046257,d7942f024d24b8ac731e5d7a1aea3c4f,train
03046257,8fc855cef77177e8c598d38a6a69ad2,train
03046257,44316e91d4926a73fe9c9da4b1c78d03,train
03046257,108b7ee0ca90a60cdb98a62365dd8bc1,train
03046257,b43d328f4acf10464b3c42e318f3affc,train
03046257,69d16120042e134f6cff9b44fdf0517e,train
03046257,9b28217f38c32415e02c50e637560d85,train
03046257,4e4d010aea4d533756325576fb0d1968,train
03046257,a67f72b0df7d9574b3c42e318f3affc,train
03046257,9b66a37c0e1a1da2d4096e81fa01e27,train
03046257,fdb5537f0899ced0744fc85fe0d3e26e,train
03046257,428647629e3a9906f0df3cdcd733f686,train
03046257,1c4cd3b790fddfbe2f87b9fc1ad90aa4,train
03046257,289850e742ec351bdc7cb2def50cc404,train
03046257,93b1f050ac34adaa7dfe817feb27b203,train
03046257,e743856943ce4fa49a9248bc70f7492,train
03046257,7a7d7bf03278d81854bec7a9a0a11b9,train
03046257,33d36c060f80361b4b3c42e318f3affc,train
03046257,fed6d8a816207b71af7c7ad2549a1b15,train
03046257,2be4aa0e5ee54d80ae77574c7d9d2318,train
03046257,e78af014ac35bc68f546596ce7364503,train
03046257,619cbd4aa6ae5578f5635ac8b18fdb9,train
03046257,3c5690e5ecfe5f0afd9cfa6c7f5305bc,train
03046257,640f12d1b7bdd262868fb986bc092533,train
03046257,663e8f056e9ea81772e0da953d900dd,train
03046257,a29a303f3da335bea64e5c46abb30c70,train
03046257,e5b583b0cf478984d781754d41e2576e,train
03046257,42529911fe6265862b5fee72119e2778,train
03046257,8c8c6b1c3d201d55490ad276cd2af3a4,train
03046257,6a34103b8186cfe1490ad276cd2af3a4,train
03046257,44a961d1870b2279626620faac40b883,train
03046257,8e0c621551e9ace310eab5c01cf505db,train
03046257,b602321e87ba6ffedce1f8ab000da922,train
03046257,2f2e423b7155dbc5844442d12ed656e7,train
03046257,e8cbb09dcdce16f172b9579598bda76b,train
03046257,83215aac91958278ee2b478fec745c0a,train
03046257,247ca61022a4f47e8a94168388287ad5,train
03046257,b972dcd268517c5df51f77a6d7299806,train
03046257,242d1fdad67de9d6f2543b208c9ee8e2,train
03046257,a41444ea20bb2ea6e105ed0a3d82ba,train
03046257,395c82f7a56b5cb0ef6c510e24348d3b,train
03046257,21fecb28d1c8ee8c6463df620b7b4cbc,train
03046257,58945eca103891f4887f087750df94d2,train
03046257,ae570b0ec2b265cd14621506c22882a0,train
03046257,143e665cb61b96751311158f08f2982a,train
03046257,71eafda69c77150914038d588fd1342f,val
03046257,48784197e358000da239e7f1ff51b07d,val
03046257,2f638d0d4d5cccc35b903ba10d2ec446,val
03046257,8d127c73436dba6741ca67b3a986966c,val
03046257,3c100b0dea7a60b768aab09a0ea50724,val
03046257,9c9e80c64d5ab227d5f1e32336840b07,val
03046257,d352b743810b3b9e8c95b6223f519d17,val
03046257,7e779affe56aaa3645a3ee2cfbb67212,val
03046257,f82e90f8a6d49827e8784f880dac0f61,val
03046257,253156f6fea2d869ff59f04994ef1f0c,val
03046257,66922901b74190cf7c70545e85230d83,val
03046257,8b52d84dc97eb3a74740473002adcaee,val
03046257,ad41efed0f69060fa86b76551c6a3b2b,val
03046257,5ffbd3bcc935279a8cbe149774a11d9c,val
03046257,c45e4604958d9d1d3153a6db1fd05f23,val
03046257,26ab68f614b5b24f2f841233486fac2b,val
03046257,c15389c173fc1cfd415cd6d00346fc76,val
03046257,413c5497de808d1a177ef3150c947f22,val
03046257,368d9126e2053bd4815b2b467e8e2eac,val
03046257,ce4de74b5487d0b0e7c7920f6a65a54d,val
03046257,d220a3a4e31ea77a1550babf1ec984b8,val
03046257,605c9deae76d0f19b9ed8f64c2cdb8b1,val
03046257,7e322702d66d54b560d9b527752ac99f,val
03046257,686a205c36f5c85443ee5a34155b4f2b,val
03046257,95603651d927cd6c36a36f8fd7d27134,val
03046257,7dc182e052ddc140bd332b3f93481432,val
03046257,cb625b3a9b631d89dab8b525f98c6502,val
03046257,6cd9f0f548979d5160ddc468fe733ed1,val
03046257,33a6aa9cd6a2aaf3636746e397b0c904,val
03046257,191812cf4abfd6166e71174964d90e49,val
03046257,59ba9701544bcbe167944f5aabc774fc,val
03046257,627617f3931dd0476e1ae929b00acbc4,val
03046257,702fe577155d343cec77540dd1841b98,val
03046257,aac0d032dce735c7ded4c23d05709216,val
03046257,845f1b53ad2e0d53b87e0c7ed53711c,val
03046257,10312d9d07db5d9a4159aeb47682f2cb,val
03046257,a157e9b6449d763bab2f5d1a742ca172,val
03046257,6c010bbc4ec34296291d2d0d560233f4,val
03046257,fb95a457d7382fd5902df966e52b1aca,val
03046257,57e7fc194e77abd5a8ca6a1b83e76dec,val
03046257,98e52f275290d28bdb54f0ac1f9f81ac,val
03046257,bebfc25c773a5528a7f2fb8267777262,val
03046257,2451f214bcfd8ed9f3a54fdb52b446ad,val
03046257,4b1283cead37c519e49675db0062ac74,val
03046257,f453f21d54c766d94edcf3b74eb57b13,val
03046257,48ed307c035fe99e49c212147ab9c105,val
03046257,2124dd3d1d47f3873f6e4e0af3a53c1b,val
03046257,f9c02d4ef3c07b16c0a61ad1cf92b694,val
03046257,171a6752b9a2dd95651adbce8f1811d5,val
03046257,71bc557e3b154c037a24ef313a983026,val
03046257,e80493545791aa9215bef14ca5ac3fd1,val
03046257,9f51f591d698445a5fa2d7ce8c99e4e6,val
03046257,57df2e218911273d68661782af60b711,val
03046257,b7b988707b63c048c5c6c5671b8e3bb3,val
03046257,854ce0d6ed37103248e2701b91d7249c,val
03046257,448a81d7afd06b3d2a548038c4031d1d,val
03046257,c34e4038969908b6daaccab222ac90bc,val
03046257,a14d909e62adb668661782af60b711,val
03046257,849413d99fac88c48cc8fdeacb50bc7,val
03046257,4af34d709f39ab8e76460fd7f97d7f44,val
03046257,3746592c1dfa698d49493d905c02fa86,val
03046257,81be602470e4fa90b2f671e673cf292b,val
03046257,85551ef04a5bf758c0a61ad1cf92b694,val
03046257,e133ca5fa7e49536fc5a6a6856432614,val
03046257,8af7cb8b42d0c8b1f9e8cd846ef13776,val
03046257,cbf19a9c2a47ae354b3c42e318f3affc,val
03046257,ce2c4226c28a7f51ffe3432ba4f2e6d3,val
03046257,ee6489d2d306ca11f04a4560b57187d9,val
03046257,abbde103685802186e71174964d90e49,val
03046257,50ad0cdc651ab6fbc6cb0dfa2f14f9d4,val
03046257,729270762f381e7b1bd71c75e3a794e0,val
03046257,adf095adc30803a148996af2140a9136,val
03046257,e8d35dc16f04ec9b70012411145e4fe2,val
03046257,4f0f676001ebb1de561dce3fe08634b7,val
03046257,1e61fd6a1b436ce6153d4c0fe024d18d,val
03046257,6f712bf7b828c9e920fb6b84fca9d3c3,val
03046257,182760a92182873b4cbbb913355f84cf,val
03046257,6245999a79c5d853c31c0b92a775f88b,val
03046257,32ace01a69fa498e177ef3150c947f22,val
03046257,19162323595891b955f46d55537192b6,val
03046257,68b82646290e0be6b0a29c51aa6f10ce,val
03046257,82c54e1f130534969cfea89fa3f36223,val
03046257,a91fdf8f83aab0e56e71174964d90e49,val
03046257,1d5c5121e29011ddb8183a4a81361b94,val
03046257,30bfa6b225b030ba3756a875bf156f26,val
03046257,ac4a052a9d8f0985276206fae5d3c473,val
03046257,c154e48d36e44c179e8f28fdc2cf9ec9,val
03046257,c526b6315e1600092a8827a91069be93,val
03046257,70e6d9a58bec336898d5fc0473d00a1c,val
03046257,9d7439534373886fb8183a4a81361b94,val
03046257,ea3eb7aa3da2eb2df5f02cba8695cd8c,val
03046257,b6fa9b0aaadf6c89a1b95b258b5f7139,val
03046257,3d027f0431baa68a9dcc4633bad27c61,val
03046257,ad385337f0737d9df546596ce7364503,val
03046257,ddc323f128d4bef76463df620b7b4cbc,val
03046257,7c62a7d42797a720a480742f4529182b,val
03046257,4ca5e78eadeefd8651c1709f78d865ba,val
03046257,e67f610cafeb2c0dbf93f50e43a43f7e,test
03046257,2b326c82b14dcdcfaf0affed7cfb91de,test
03046257,4468cc03f0d13d4286322e4cc6f2fa7b,test
03046257,6e67cbc95bade487603bf63caa67eee0,test
03046257,fc5e57ba9bade79a86a499d1a4d80ea4,test
03046257,60fce7b1ddafa0c0435b6c388b558e5e,test
03046257,d86dcc32261d58424b3c42e318f3affc,test
03046257,39be4ef0dfa6833e49c9c494c2fb14ce,test
03046257,a67b32ac05ac3c965ef99326865249b8,test
03046257,56f3829b744dc836158322a6470db5f7,test
03046257,f2d0906afe91c7ceff3e00f1a386bbd4,test
03046257,636e572331f872e3e7c7920f6a65a54d,test
03046257,2a979930dffe3d32897a37b9397f0b81,test
03046257,b0b7d5ad6219ef0ddd425da1a5e9a595,test
03046257,fb0dbe220131e28f6402b8f491cd92c7,test
03046257,7627cd63f72a64c3a50aad89e0fb309b,test
03046257,6291b9e4aeed283688b34c259035ab5,test
03046257,1b85f3cd227da31de4511d9a59e40339,test
03046257,78083db936435d0a410f8c2a2eb53871,test
03046257,b756ddadd752021b4a9073afd3cb57c,test
03046257,e78b66ad9fac907822b68de582c1281b,test
03046257,9f997f890bf6143d5bcd4b910d7ff028,test
03046257,10a200395145c61aea2f5d52559debc,test
03046257,e43b7ebc9a1b71c95dac0a5eac75a2a5,test
03046257,2d65d034332ffc8397cf3f86b15a00c0,test
03046257,dcd8f3705e7ebf7fb2f671e673cf292b,test
03046257,4e979d296586eeb880aaaa0b0a5c59dc,test
03046257,64de924c24fb12968b48a6a0b4b6d38,test
03046257,487f2bacddd58bc9f959a2da56ff43b4,test
03046257,312304e53430a5afc1f818f3a4aae3be,test
03046257,6e143fc9eef8be8c788a9e26a791a23a,test
03046257,5bbaf43f2f86ba638b33d3087add7a4c,test
03046257,5a1a2e257a862cabc5d70d7dd4a0dae4,test
03046257,3521751471b748ff2846fa729d90e125,test
03046257,24841121c7d090d72d2d2896f4b277fc,test
03046257,e51d02a4b1ff76d2dcf98ea199a73d39,test
03046257,7bb10722ce68c6d2afbeec40033bd27b,test
03046257,a8b354178a8e4bc5a7e57b3c1c645a2a,test
03046257,79e6df3c7e4cdd027ed10ef1927ebd15,test
03046257,ae4bd519ca0158d1624540d1cf03ba7c,test
03046257,b0251e1b5ca130eb50dfe5d3d82f3d77,test
03046257,96573e0386f36abac5daf15558a4e938,test
03046257,cea1956637d8e28e11097ee614f39736,test
03046257,612f3199c6212e55a5aad165050e534c,test
03046257,a294c351a2225ddf6b0c35068783779f,test
03046257,e03d93a19639a6f887a2d41672ab8a52,test
03046257,3bba665dff8dfd6141c01a2987577d0c,test
03046257,681a251290c5b59583f01376c92cdee4,test
03046257,31d2d0a213bc09b33c2e50348f23d3d,test
03046257,7b99bf2508d8c5f36d684a4a25bbc7fd,test
03046257,e26485c0a14a90867903707764646db,test
03046257,4593877d0b238443728b983f64e482fa,test
03046257,464a76c004ba77e8cc14b65ef8ab235,test
03046257,237b0f3acdd0b69bd4bf7024dfa167d,test
03046257,e75539f66fe4071e4858278d1f98c5a,test
03046257,2d3306996a223a992c4f629232dbdb8,test
03046257,c0eaa0bcd85626c7847d4e46a1f9f05,test
03046257,9cb8f60044f2f2e014038d588fd1342f,test
03046257,26150fdcce285cf49fb73a07dc7d819,test
03046257,395ec392bf1764d8eaf14273fa406ffc,test
03046257,ba090cfc159e1495a9575f4ef037dfdb,test
03046257,6970ca7ec4463ff4224ee0743294f79,test
03046257,22d22a2578f0a3574b3c42e318f3affc,test
03046257,5147d0b10721d430f51f77a6d7299806,test
03046257,8883b1a1a421a178ddd3f1aa46ac1f89,test
03046257,ade988dac6b48a6cf133407de2f7837a,test
03046257,ba3121c7429ff19b83cd0ac541913e0f,test
03046257,b750e23ba662cb4fe0865a0bf86de287,test
03046257,757fd88d3ddca2403406473757712946,test
03046257,e6d392fdd687188981d125a53e3295bb,test
03046257,15a5bb8c387dc7ac87ad02d88bbf4aae,test
03046257,3699e4ac78eb732866a92e3fe9fdc71d,test
03046257,c0add30f5a2566165e29ce2c9d37b952,test
03046257,f764a6a70636d54cafcd02e9a1a7ba34,test
03046257,780ce22d20547cc0f028fb77e2bdb0c0,test
03046257,dcfc273d2a1fd128890f8f44c05e7d8b,test
03046257,23bbab353b849d3a6077d83faabf62af,test
03046257,217b47212a5a521ec6870dc41f78676b,test
03046257,716802270b2a331ed5330d8b61efb724,test
03046257,3eb3ca1c532733841e085a650cc639f,test
03046257,d3676f524d86dc1d6463df620b7b4cbc,test
03046257,15cccdfb473dae1799f30106e678cab1,test
03046257,7b1f529f00ea482a788a9e26a791a23a,test
03046257,50015cb7c658ce3d93f709c6d6d99cb9,test
03046257,8fab6c1e294c7b936e72fdd3e26969d4,test
03046257,613a7dfb6cd136e3df6cfab91d65bb91,test
03046257,78b20642a66f421630cd51d117004d92,test
03046257,5586a1f6745126e25e0d2ab0e6ad9dae,test
03046257,354a0b83e35282843aab6d48f7ec1b67,test
03046257,751c6f35fc0194785445e46058840642,test
03046257,f01c3ee2b1210cafdb3180683be7ca4f,test
03046257,cf0208d1c19e8313cc63543a91bdd558,test
03046257,eb1bfa668da64d48beb12355e9e20a98,test
03046257,726c7cb702cade25ad1da5f59ea6f4e3,test
03046257,be4745a1ccd316a914e970d26b98a862,test
03046257,5e10ee8a39ff0e519f1a71e46bbde97c,test
03046257,555f0083553a7cbbe4bbcfa1dc6a2906,test
03046257,51b07fb2a039850c384368499a680cf1,test
03046257,d512e75fe5142f9cc23b8534bf62ba29,test
02992529,893ed9fc527a8329d3fdfcd95fe3518a,train
02992529,d4407c240737b0c73455cac94a339dea,train
02992529,8ef2182a6f91e71e7877a964f5722626,train
02992529,ab3ebae8a44e1ae8ca47cd18decbac61,train
02992529,645c1b7e5297cdf567b9bb226efd81df,train
02992529,6609f05bbe9c49172cf708d3028fb325,train
02992529,854ab60bd57d3d6d2f412e1bfcc51526,train
02992529,471a1ba8c1e1fb0a5b031707d900d7ec,train
02992529,67baf038e83456967f521a3dcd28e9d2,train
02992529,f9ecc6749a251c0249852b2ef384d236,train
02992529,3f4a507d616678da650fb6b8f6bf3419,train
02992529,56a32f9e4785d3928a4adbc089030705,train
02992529,2eafc16c78c43b35d9f7ce5b19e46227,train
02992529,da1fcb7a374f9c43397c13131c65cbca,train
02992529,11f7613cae7d973fd7e59c29eb25f02f,train
02992529,df90c50a892611ca8536be73396b323e,train
02992529,6475d2eb77c7ed5a59812638b595a4ce,train
02992529,57632112a9128a16a82783081c89c0aa,train
02992529,cf7973f49aa611346be7f66e5722d994,train
02992529,383a304edf67f757769dec5ec0157054,train
02992529,b9f67617cf320c20de4349e5bfa4fedb,train
02992529,8ea08c4be8f2f96095f577622f465c85,train
02992529,57ff44f979370766976fab5d6e2569c1,train
02992529,48a2000b54f4fc792a56a29c6d979b82,train
02992529,29c5585362cf4aa5b4f6326696174df2,train
02992529,a24fb0602fc7fbf4ec059109909662d2,train
02992529,b159743a482e73baa56eeaf8467b96e,train
02992529,24f3752312dccca3e23b34f33128879b,train
02992529,aaf1159cdc4e6ce5b2ff1d6fc3caddc1,train
02992529,983b362e25c008b1b36be681f90b79af,train
02992529,959975a60ae104c48780444eaa02106b,train
02992529,ab96be5a6e3827932a6d73bcecfd73da,train
02992529,7dc461c63f3aa4a3a2c7c5886f4bbc93,train
02992529,a9c181d7378f92cfbc59a3627d9edb6f,train
02992529,e33e1483c4c22b1ae71852a7b0e4fcb6,train
02992529,e06b902efc1576c62fd4061aba358325,train
02992529,c864337d009c823290a9c3b0b32f8569,train
02992529,34e36249166b8c6bc3f912172873d52f,train
02992529,878135eab6ae9aa181471a5ba59fd0fa,train
02992529,8873af9392bc7506f1cb19f636b1c2bd,train
02992529,388798a892636235d2a526c0a7ff71e,train
02992529,19b1c1a790c6824578bfad8b5ed8c4ef,train
02992529,ed004bce9e457ab037c7c775913296f5,train
02992529,3bc6f902628b3f7f85f6153ed2033a1c,train
02992529,11e925e3ea180b583388c2584b2f0f90,train
02992529,2c1cf34eb46756c1aa8ee930afa0ad31,train
02992529,87f8a738b3f0ae0194feb18ebe41aa84,train
02992529,2163366f7c3a7a0e6c63b8b48495261a,train
02992529,aabbfc7463d49368419fdfebc874eb8f,train
02992529,4e8cb66f915fb5ac5fdc2445fe061736,train
02992529,f6679591247bc328afb07a946d621b3c,train
02992529,113303df7880cd71226bc3b9ce9ff2a1,train
02992529,2266b891f080ad7eeb2a3da43bd37462,train
02992529,ccf2058300cac188639e45fae4b57d2f,train
02992529,2cbfb354e5dd731dfd6c7e3f0d9c56c1,train
02992529,18dc34a116734b43bfd324d8acaeb3f2,train
02992529,2009fed0ea8d1fc3e2dbe704eec7e8d9,train
02992529,3c244a5e76cec2cf6f108f2b64e6593a,train
02992529,5298e9c7eeca74f8ff2988f561e515f2,train
02992529,308cce8808b076bff49084215d845d01,train
02992529,8caf79a2bf3be9fabfbac23a8087e8f4,train
02992529,e14de927fca30e267a351c9c1f605db0,train
02992529,ac8d3abc6a6f7a939260029564d4cf0,train
02992529,cd74be6a1d8a6cc721844676433a0aca,train
02992529,1105c21040f11b4aec5c418afd946fad,train
02992529,fcdbba7127ad58a84155fcb773414092,train
02992529,7757585cdde7953d86ecff2582325794,train
02992529,4a81237a7fc743763992b1138bb05b3c,train
02992529,1c87049d11292c5d21e2fbffea258ad5,train
02992529,8b17963baf2e54f87a0b781a26650bed,train
02992529,bbbca195cd6b85f1562c8e1ac545ef78,train
02992529,1edc7aa574624ca0200a0406803801e9,train
02992529,9dcc24af7e0df254525b3f0594400a46,train
02992529,6f63df7ca322514f41ced50d3a574698,train
02992529,5e6ee0c5d155d2298b13932a0c28e98b,train
02992529,c33bc3be82441ea66934b554e5b8d4a4,train
02992529,77f5498dd2277aacfd71ce99fb45ba0c,train
02992529,3993102ecafa0826ffd1164158ab2e9f,train
02992529,953a952a18e389e4eb386a4e845c05f5,train
02992529,45301b15dce2724e483a0f6665d9ffe0,train
02992529,52a81d42c352a903a0eb5a85db887292,train
02992529,2874447c7552c6b942f892024869e751,train
02992529,e7bb86cd04cfd98758f1d9dcdcb62d55,train
02992529,ec39e26f8c0829b3413ef77469a0f9cf,train
02992529,7114283643761bb4a5545c1d5c84020a,train
02992529,d8071a38bb3dd8f097c8d78b9aede742,train
02992529,71fb433e386a5547f63375fea17cbfe4,train
02992529,8f1ec459492c61ff562c8e1ac545ef78,train
02992529,8a62ea56cad1ea25430f38f25519fb5,train
02992529,e840fab2f764532ce4bb3cae511f21f0,train
02992529,5bc22a940bd88a21886d9e4484b773bf,train
02992529,2c32c1b5d13074431c1943a82a09125f,train
02992529,c8948cb8ec0f10ebc2287ee053005989,train
02992529,5fea05a3cdcc05756dba92a4e2177102,train
02992529,20346d307d39aa7eb6a804c25e3218a,train
02992529,e9352850a60bbee4975308da62ab2e39,train
02992529,e0d9622225e1361883b4bc86420ed21d,train
02992529,16685299c37055c2be40226527c9872,train
02992529,c3e18e5d0f7a8709e41b17b375798648,train
02992529,7ea27ed05044031a6fe19ebe291582,train
02992529,b8a2c7c7df404ab8e7ef9fff09638f8e,train
02992529,ba21b515df2f8a8f19db431d2a67219,train
02992529,b02d8e0fb3ec903b4a952171144f2812,train
02992529,3488722618d61cacd5b6fb666fe071d7,train
02992529,1b1aaa9a95ae964746becd46a4907f38,train
02992529,f2db6829e0c0298140d50eb4da376b1d,train
02992529,d7b2a9546b6f68bfd0659574aaccef0b,train
02992529,c6f62eb51d1750497dbf89b54afcec5d,train
02992529,24d22e3257420bc2b785a4ac4a0dbd73,train
02992529,1f93dbc9622d83de7a9f0bb7b1eb35a4,train
02992529,bcc1760ef463671c825b62bd6c28eac,train
02992529,49ce3fc723ee4b362d43b5caea00b490,train
02992529,db89fa13b1c3c53afff0e9d5e9e3da5b,train
02992529,95e61ab6f817d7ffdf3f86c9fe70c0ad,train
02992529,320d0f9256ab9cc3a046bbac53886364,train
02992529,9952f0dc41b20fcfdd5b23028b480cc3,train
02992529,5f919ac1f790280f563028cebd5782b,train
02992529,2a6d70bc7ac6db391d4136675e1527dd,train
02992529,af3c1e4367942543264e721f309fb873,train
02992529,e1effe88e974292f8ba7bc4a733e1db9,train
02992529,d51e5d7eae216c9ef1cb19f636b1c2bd,train
02992529,4a48ce1a067f686dfb63369d5dd85d25,train
02992529,a0a41f9444733969c3d30d5f04be159e,train
02992529,fa9b007a326be6975c8fa950032e0987,train
02992529,2293983c6f234d94e304974abc9afad9,train
02992529,234d1646b21fd765ee45e1eced971f52,train
02992529,74aab120cfb4d88257de0221db0b9d32,train
02992529,30d54e046b9abe8bf1cb19f636b1c2bd,train
02992529,df816deae044cf448e53975c71cdb91,train
02992529,625e2b043a61452b80d5f0084d375f75,train
02992529,7fa841359a3dce3dbcb8492ce3867c34,train
02992529,d37afdca0c48251044b992023e0d3ef0,train
02992529,53ce93c96d480cc4da0f54fde38627c3,train
02992529,d21231fb7d7f7337f521a3dcd28e9d2,train
02992529,9dc0c2ca8de18e28b4c18e3209e12990,train
02992529,ad66da8440023d8a1e929774f9727b5e,train
02992529,748f4a9aee8f610e8463cde8953cc1a5,train
02992529,54b4288766d87dcf332f5e5df5b42874,train
02992529,5cf5bbb8f745033195c9a4bc0e92777e,train
02992529,a434289b281e629b81139543c959a70a,train
02992529,2eae0713342e1103397d790c3d0a8fb5,train
02992529,be254a4f3097143fe0e25464307430b,train
02992529,bc301249d58b89b638d913262f25e96d,train
02992529,1621e08661de948d7532dfb76fa58e9e,train
02992529,ae7098f0bc20cc6b2a87aa332da7bee6,train
02992529,e2d49d74845ff0207e1c85c5c15da7fb,train
02992529,831d6d9118e1a2fb71f2e8f64dc1f509,train
02992529,ccfac9fefb0326003f548cb8701b2293,train
02992529,b7049148a4ffa22fdfe197f9f37aa72d,train
02992529,ed5ac4e8c681102e848d333362aaa342,train
02992529,ae0b011684a6c46c10bc2436075f6a52,train
02992529,3a6a3db4a0174fddd2789f496481c83e,train
02992529,89019c955310bc56eeb3fafe1bc8c07d,train
02992529,864e5512dd35164b2d477e233bc97afe,train
02992529,a860adc078391edc6774046e1fe3165b,train
02992529,1847d3782970e60679510444cc61f839,train
02992529,8e3e1213e47661506457f8736d1c9e5d,train
02992529,f649a5368586aa77eecb4e0df212ad9,train
02992529,6e6d7c2ffadc2fad2fffec7af390883,train
02992529,60df2f27d33f3f472eb2c67660ce4f3,train
02992529,e6838870d0138aa43b995d74ae757c1f,train
02992529,8959f06b36d90e6a7c4a9987d1ab61dd,train
02992529,bef91c1804ec226e5b1c02ea3a290822,train
02992529,9adae247285e9538836a2d8722d73dfd,train
02992529,ab8243a880170c00cca1221aa4c4f70a,train
02992529,180ef1cc23b96050bc8c03f74d3af56,train
02992529,267a2d6fbf29c04cbc17518d87dd1f7a,train
02992529,d944c42ad08401651e5d846d206adf3d,train
02992529,6449223cebdb2dc9c8c3ac9bcbcd9687,train
02992529,86fc58a0c40316f2562c8e1ac545ef78,train
02992529,a3c1c9fc390b1bbbb099170e6f5a4af9,train
02992529,9c8bd4fce744a7df5d4e1af18c85258,train
02992529,6bda193370e2c7e9a30edee0b4a86a6c,train
02992529,fbe18b762a1328916b7f36a4c89ad37,train
02992529,dd02413772656bf5f6cc8d1cc08b421,train
02992529,5e5c0391952208e81213f8f7891e7fa0,train
02992529,c589332137d854a1808ba9235495a934,train
02992529,9b74db2ebc90ae4789905122ac8b41f3,train
02992529,35a0dc407f3df8d27450656ae41f00c0,train
02992529,9fac50c7b7c72dc694f8f49303e93f14,train
02992529,e483787b7f9c606042f892024869e751,train
02992529,a19763322fe669cc7e51366b0cf7747,train
02992529,ee7d2d986f2c989ac66dc18b3cf1700,train
02992529,5828a8259ba570bbd24e3068806a8c67,train
02992529,4a7c0d263fa0cc119553267f4c8c48a8,train
02992529,4534e6754bcc38f78bc584bb94b0b13b,train
02992529,bf0f0ba650108d03cf144715a1bb5595,train
02992529,fddadcb723b843eaafb07a946d621b3c,train
02992529,57004d88e4deebcabec15cbb63c9ab60,train
02992529,9e302a3f21a992c0bb579d1d8d989550,train
02992529,d3dcafb368c1defaa2c7c5886f4bbc93,train
02992529,453c590f0a1b37c1e0c2427da07ca8c6,train
02992529,b21610e986fa4c9c7cef36fa43392c52,train
02992529,abcda75b9f826fce8dd7bd77b545a577,train
02992529,76a4a3e8370bdc24bd2d4107e8dc02b8,train
02992529,73339a7ed1e72d89aef10502d58d4967,train
02992529,8f049b65309d8390f5304dc8cfbb76e1,train
02992529,2df0bc8b46ad3cb858932236a22029d3,train
02992529,609321c1351a955c1e1f8455cdf1c0bb,train
02992529,f8d97bebf67cad12a0eb5a85db887292,train
02992529,5bb9020da1d3bdc260a9d7568d474ade,train
02992529,8ea128f9035474394cb30fc798a4d976,train
02992529,e691c8f0fd7d64d7ab0b172d4dea80cd,train
02992529,434e23fb04effbb86bc30c6a9ae3d46e,train
02992529,2d26f853e710b3e894088ff49a6baac4,train
02992529,ae86fa976ddb0f923bb35aa9d5fb636b,train
02992529,97e214d6b93e012f6337fbfda5096043,train
02992529,d7c350e5d29074c9b4c216fa1de7d5a1,train
02992529,68b80d0086322ea33615136d92a66ba2,train
02992529,1bb65c38e6b563d919bade123d9b1a21,train
02992529,4b97582ec707108c6ace02f573c40387,train
02992529,49a51e66314253d3f2a0433fb7c53e0f,train
02992529,325ecc3acd232a5e981b9cd34407d026,train
02992529,2b33c33ab4beb7493ce1b993153ccc0e,train
02992529,5a7e19fca06d2bb7f2848e928a160066,train
02992529,a6b2c1427dec317525bf2427892579c7,train
02992529,bf15900bf5afb946b35f223cefd97829,train
02992529,f75e6866c8965374f1c81a6df84170c9,train
02992529,350dad20c76cb54b7ad5140f7d56e11a,train
02992529,657fbd67af945c39d9e3837723c05057,train
02992529,5c141e299b50f1139f24fa4acce33c04,train
02992529,1c3795fd5c4c0a3c2efb70bd2c052734,train
02992529,e4a8822c5faa386fa9976d676758bbee,train
02992529,2098a0f7cef1e593f6c5597dd1efe723,train
02992529,f400eb5421283e8a102f4912aece242b,train
02992529,c7fef6ae7f7f91814a0be3d856af9ad,train
02992529,ff8ba237ee9164c8ff86292618094648,train
02992529,a3f4cae960ac74babc54d4bc75a1a826,train
02992529,5e485b1ae058fc11b26a5d88c8b02ed9,train
02992529,bf259988d2e8728c391790b8b8084f0a,train
02992529,9b608bcc7e62c3e2dbe1e810cdc7471d,train
02992529,67524ffa83e3eb7c4948b3842dede005,train
02992529,b1d1d6a5f46a30894884e1105772427c,train
02992529,844633a98977c10d9eedb085a3d8dd72,train
02992529,aae6554b1abe736c70ed77f7659cc6f,train
02992529,81ad8af206d6b21b89b367279b017ccc,train
02992529,caa0cf3c7bf2cc4e50e8879f012090b1,train
02992529,c1ae3b758aa9ea5e6dba92a4e2177102,train
02992529,fa1088998ad523edf85a324c5324329e,train
02992529,38afc0467599bd6bfa13d53e5e4a7d2a,train
02992529,ae819b81ba34165dd6ec95d8e6b9f557,train
02992529,fe553cf733e29a349426aa93c5c54668,train
02992529,cea8f15682797fe6eb386a4e845c05f5,train
02992529,29cf2bce2e67ae76264e721f309fb873,train
02992529,ef16dd3bd944608821844676433a0aca,train
02992529,da24f27173874672ed7485a1aa598365,train
02992529,8fcae817c180d5224208dfa1c5fa1065,train
02992529,4157af4a11fda8ebdd3d821abaa89276,train
02992529,6456bafbb5a656fc487f00a15f77c99,train
02992529,cd7e6ab98a2d090099b101e0ce243aa5,train
02992529,a0efaa2ba04bf091adbfb30d8d1b297e,train
02992529,addf767a669d9732691c3af43bf5f97e,train
02992529,83f766eff3c5c12c781fb7da315db2c1,train
02992529,ac0967f9fe8f63f46b2ba76eab0d2b1c,train
02992529,313e9b124e421a4efa9922db9b6aab31,train
02992529,1cd8004a1e0dd825c33f370fa5b41cf7,train
02992529,7731182b7b8702bb357be8fc4a9ec12a,train
02992529,db96e9b2c96c273de7d92dda5756fcfd,train
02992529,d2636f3af00fb3e2538f655e65b0b57,train
02992529,5814df537b8f1bcde95cd0dc8c2f0e83,train
02992529,725cf43af935ee023832db239383a26e,train
02992529,2fe9e8fd2a7c512ad1f278e1513f3b7,train
02992529,6710c7894efe94cb918f30c146a92bd0,train
02992529,36b3329dc0bbd86989704dab2d2a8ab9,train
02992529,e13a5d5b3f7581cbecf207e73a787c06,train
02992529,22fc328d136756361e5d846d206adf3d,train
02992529,c43c9123ed893de5a0eb5a85db887292,train
02992529,6d053ef40bedd8fcbfa0195eb6461a44,train
02992529,ce0ad218c6b19e76e7eb1b9b386befd,train
02992529,e8db0c85b07ac581d409d3400adf2d96,train
02992529,9e5b9dd860689c5c217f93816a639386,train
02992529,c688e0c0830ddebed23d7150656e0d04,train
02992529,a4910da0271b6f213a7e932df8806f9e,train
02992529,396fba35f02a9cc9bc1f690a77fffa14,train
02992529,3d5c17c3e60a168bdaab9d410eb59af2,train
02992529,73d6b5dfb0f2bd8f5c351e299b24e355,train
02992529,a8bab81f66ac5d26acdce172dc618222,train
02992529,5ce8fc4a82d2d97736d4d4df7a719b88,train
02992529,987662da7f345b272b1c9d869bc37167,train
02992529,1d53adf8f82d223db0a79e28606cb167,train
02992529,fc1675526d043e81a2811061ff7e0824,train
02992529,44ce10ddb982c8ff72152988eac576ab,train
02992529,44cb63b74117f9a77877a964f5722626,train
02992529,9fd7db6d334e6acab29f572d1167c0ed,train
02992529,c56262f4a6a7fbe5fcae16e8230396f7,train
02992529,17072ff9ec47bfadc3fd2392bc923b2f,train
02992529,af983238a3e47692f90d7ee51bc3530a,train
02992529,ac6f6437f9e63981b6d41c42f7ade8c8,train
02992529,4475473d3a96860621844676433a0aca,train
02992529,e633f997f4a47b2d727a08b50053320e,train
02992529,7eb1bb8e7f83313b5bfaa3ead015ed29,train
02992529,2488bca663eab268d53bf953feb52e3f,train
02992529,1727e7aeb3d159a57f521a3dcd28e9d2,train
02992529,504c453471faee3ee304974abc9afad9,train
02992529,89f17a3563941ba9f2fdbae39bae1eff,train
02992529,16d7d7be19cde848dbe1e810cdc7471d,train
02992529,280a42d54e91c6968a02f6ad0818c761,train
02992529,a2953e7ff6dcd4465af22172f09754fd,train
02992529,43f7d0cb3f0ace029bc144914804a8be,train
02992529,4a0cd042d7479d6810bc2436075f6a52,train
02992529,adf64019f7a54162550c9b1b1c5f7e5f,train
02992529,f973c91a4c239da9dd14866f469b6370,train
02992529,aef45c975ed647778768dbb598f40c93,train
02992529,4f3c84ef24e1fe6f3b41ed175964f6ee,train
02992529,7dd788cca7df768495b1245be456cdf5,train
02992529,77817771db0788d3241d076ab53023c1,train
02992529,68376369681e50847e814a763437cd9,train
02992529,e1a4ea72b1f98e92d265c94f4d41d924,train
02992529,515b5a63ebb56aad7aeb5bbdd191fd4d,train
02992529,2964d10d72ea38cf4857f88b08630a42,train
02992529,4ce4f7fcf5f0c57a3caebb882f007959,train
02992529,6a0c0c55f355cc23a0eb5a85db887292,train
02992529,521fa79c95f4d3e26d9f55fbf45cc0c,train
02992529,cf0dc63412541764cf9d394118de0d0,train
02992529,d130a357978694bf58efc722b5cff71c,train
02992529,3f3770476f094a6f2093f68f248ba9f6,train
02992529,6b9cd9c72e69fb81d8630b8390e34e0d,train
02992529,20e5a92f95731f04c4440dd41b08b3f4,train
02992529,3dd3ed204c56943389e13811ad04f53f,train
02992529,fd1dd7c841cd9cf51f05b3da5aad55f7,train
02992529,7a4619d2240ac470620d74c38ad3f68f,train
02992529,c556efeb2bb3df4621844676433a0aca,train
02992529,e458abdbff34fefe255591a17641445,train
02992529,e862392921d99119ee50cfd2d11d046b,train
02992529,93cc80bca9e1812a64a09de5345a6fef,train
02992529,4c9760ac0bbd2003151c744078238922,train
02992529,e1fb2b5e5a306e6621ecd2b49af349a,train
02992529,388415634e1056942ab70120fece57c0,train
02992529,5bbf52512a45bddb7525dc2f981e5489,train
02992529,71121add7e94b024fb88c3d40924fb73,train
02992529,d5561b05a6b84a5489905122ac8b41f3,train
02992529,595901b2d5b23f58ed756341424d6b8e,train
02992529,d740b0679a9996ae56acd5d5597a72c4,train
02992529,bf11938460e160c78190e4bafebe046b,train
02992529,9cc581a6c5d0b8fcc14f5d127de947a6,train
02992529,e513675ffb2da709a060e584e7409aab,train
02992529,a7056690a5bf34d24ffbcf8cf904ca12,train
02992529,a1c60f087535c7726fde3adc6768fe52,train
02992529,447cb44311eb5dda57e80f5278d5b50,train
02992529,ed53e90551ef9cb7118f00b061390b2,train
02992529,a3bc032d0842d570348e2c62a688b780,train
02992529,ac1e771d6392e912f594ca916b37180c,train
02992529,e30f2d19e9f44f6ab0cb879d4613195c,train
02992529,8ec3b148b8c608a0562c671ec5000f23,train
02992529,c0969979d6ff51f3db27d84853613218,train
02992529,983b045d30322f96b102e855af58e521,train
02992529,2c03ac9bbb3d918411f02c4c36ed7f25,train
02992529,6e18484e72c79bf6943bfa124ea09a0b,train
02992529,c3b9cb70c6a80ed686a04ec9e4169973,train
02992529,d2bce5fd1fd04beeb3db4664acec42ef,train
02992529,54f1cca754751ec14857f88b08630a42,train
02992529,84f07a9773374b062da40fdb29d70537,train
02992529,496270f12655bb84e38ab39b0490e043,train
02992529,8aa05d2bb435ab441ac3fdfdb76cf4dc,train
02992529,ae942af3b88d07af2c557fc696108818,train
02992529,ecbb1c53e881c2b25f4e4793ed432bc1,train
02992529,d9ce2d0be1f3952aa36bec4fa7cd58c9,train
02992529,2d5f1105a92045c8af0fa49592cf7bc7,train
02992529,7bd9b1b1297013ed65f78a217bb320fd,train
02992529,ae7b93f3ea4238712f20ec3aefa0fb91,train
02992529,3aa2fd5054465056e25336bb76be9963,train
02992529,b18f0d53dd3db1999410a04d09c14d1a,train
02992529,8d55c1677626cc48214d974150b798e9,train
02992529,8ce0fff87979560bed1f9cd2184d7b73,train
02992529,ce62e8c8a75a501535c433f6b651ec89,train
02992529,f3aac8f54f5f2a2f983ec12a2b33f18b,train
02992529,afa806973174e442ac4f72bf08dc79a6,train
02992529,558c9b7e854db7da21844676433a0aca,train
02992529,ef57d8665eb5ef7cdb965514105122a4,train
02992529,54539e30a59cce413864ee650d9e9c5c,train
02992529,73b0bcdcf57a8a7fe8d8ad3bdef6aca2,train
02992529,29f27d4472a17e723fd445ae159c2cb2,train
02992529,c2884eed47300891697f9662a764c78,train
02992529,4116965029bd24393423610e52061098,train
02992529,e870d160aab8a55f1a696e9ae9fac3ba,train
02992529,d9d06d2772ecc526c0dc3ed657ab97f0,train
02992529,baafe1add38af23a5f0b5b54dbc4f35c,train
02992529,25e03c305f41c5dd226bc3b9ce9ff2a1,train
02992529,401d5604ebfb4b43a7d4c094203303b1,train
02992529,a9d358ce2d54d95e54c7ab6aa5674ccc,train
02992529,641234f284243decea95e61f66327e28,train
02992529,a635a6b98eda6c1fa436566ba711d6a7,train
02992529,6a073661711d8b9f1a5b805dbbf26206,train
02992529,fabcaa4858df16e35817e30de1dabac4,train
02992529,7ab7f36fa3523a1a33c7b6ed91d531bc,train
02992529,88c3248ee6950fc3d24be492f98354f,train
02992529,bf2f0de18abd3bebdc858d428f2620a3,train
02992529,e4d794e92cd098d740dec81c6722f67f,train
02992529,4303a97b71a1bb894208dfa1c5fa1065,train
02992529,a2dedd1d1369d4ae25bdb70a4d3731d4,train
02992529,7d93b8dae79d5bbe7015d3b6f402d5a4,train
02992529,35d370a1531826adbe5693b333a3dd92,train
02992529,9c26b9b0584920f1539baeab407f4a02,train
02992529,aa833540c3f2d77e2915acf4d1de24fe,train
02992529,6bd7f7a17a7bbd2d68acf22a03600648,train
02992529,183e8d61b3c4edcc90b5b1d619d7013b,train
02992529,ab4ddf9e4130d6b560cc5a290ea3b31,train
02992529,46261b630244bdda533775ea6714a372,train
02992529,14726c2482a092d3a9fe1734a6086750,train
02992529,5fe99904fa4b22d4ff1911c2640f2e42,train
02992529,b73398902d1c267b5eed8c8b1cd54386,train
02992529,5a65ef748eb3a3d1ec475b573e4d1a38,train
02992529,eb61306048b7848c327b5f10f339d9f8,train
02992529,5cc54b5db73e9e1e6decf1414eac2924,train
02992529,1bff7e425c06b65af431996b7f8b435b,train
02992529,b140bdd32b0287a64a21fc95f845c2fa,train
02992529,5c8d554075a904bfa7ca3fec59d82214,train
02992529,df2299185baf20a17b1546f309a98bd9,train
02992529,dca3f5a8ab0b850c8c8e7e9e3310fb01,train
02992529,71240556952395e0925bda4660525f97,train
02992529,c3e0378cf861099ae3f7a74e12a274ef,train
02992529,4b91c9711ca991768a57ed2dc0905847,train
02992529,61e83782d92bf80b7548281e465c9303,train
02992529,8a56e999d75c4d6e8d1dabf86742ec3c,train
02992529,427e06d425b901be5c0be177939e290,train
02992529,68ffa3cd161114cf55f5bce8dd67399d,train
02992529,1101db09207b39c244f01fc4278d10c1,train
02992529,b1085da37756ddd1d3f1ccf368ff60f9,train
02992529,cfeec23a9ea66a5021844676433a0aca,train
02992529,df768d07fc99eb30142bee3d28727203,train
02992529,7772938405ac56c1b6d41c42f7ade8c8,train
02992529,342ef21b1ed9615685feaf23dbe1f454,train
02992529,623bc1157836ddeff8a51dbffe0021e4,train
02992529,5ba2137f5131db06219e978e6e16d30b,train
02992529,cb80f0eb9d3566da655b6157f54b4abe,train
02992529,136ef91c95ca5c2d4b9a4e1a888c5f59,train
02992529,5deb3e8911dbef1adce6ba04fb42df,train
02992529,6682bf5d835701abe1a8044199c77d84,train
02992529,59a168f51f8d7dd9e59685727bdd9ae9,train
02992529,b1feb3020d9380ba4fb324159a14f34e,train
02992529,8f3dfdb531d1b5dcb4ca066f17bc06cf,train
02992529,1b43d9193794748e31811399a4ff3aa0,train
02992529,52d1db0a460723949582767760266e88,train
02992529,693fba444859fb7d54c65e829609f393,train
02992529,df23ff3151aa1f0a3cb2f20e21cb06ff,train
02992529,6cc44d39e099bb6b9ef9eb3ddb0818a,train
02992529,4b96f974453ef59ea2c7c5886f4bbc93,train
02992529,e2ffd39f88dc381c3455cac94a339dea,train
02992529,18cb51f36acfe30a487d18402ebe69d5,train
02992529,237b8445c70b1749ce2eca356a0e3474,train
02992529,c145f0b0f18d4afe99aee91747c9768,train
02992529,33cd4232a87e1f416a1f7081746396ba,train
02992529,3a3fb2919b1bd92658c2dcb60645f75c,train
02992529,82aeb34ab6fa282766148e8aa85ea356,train
02992529,ed9149921b734b2941edb96d309c9a23,train
02992529,e3e43df4a3fc1870d4d7de9e3c2bb6f4,train
02992529,5ccde0c95cc0538ef39072555215f568,train
02992529,68189c0fdca1a8744db121a0d72356af,train
02992529,be66886215eafadd56b70d2dbf032aa1,train
02992529,5f4c8cb8b3feae768c641604807c82a,train
02992529,271bc457eb5f8f4d2bcf2225e929a245,train
02992529,db058088ec098d9bdfbc59eb47b047b3,train
02992529,ffd186dcf855e13e26479a182158bae5,train
02992529,3621cec4df1ddf421844676433a0aca,train
02992529,144d8038c1688e37ab3dd76bf33b0f5e,train
02992529,d79b59ea51a9d80c483afc91de6851e4,train
02992529,112cdf6f3466e35fa36266c295c27a25,train
02992529,e55ef720305bfcac284432ce2f42f498,train
02992529,ffe8cc1d33f3fb83d954b120b2d50f0f,train
02992529,54d5d64e0d3b0f95952ef623ec48449b,train
02992529,76781e8b967f98b5a0eb5a85db887292,train
02992529,7f41f4b186fdf84c7ecaf377af2046d6,train
02992529,f5f1fbeca9af99c98efee9b82d757c0b,train
02992529,a1e51e185a9f24354b8478bdb97333d3,train
02992529,7552cd75673834c9c8470fd239ba13d4,train
02992529,d0b5b899929975558ee99126b119afe5,train
02992529,f48cb1a242e99745ab905891b6fa1a,train
02992529,f66d8ca1f6b259de2a9eb0f146e94477,train
02992529,dea7ce7ab01c08dfd4ea3f4c41b1b9bb,train
02992529,2601fb1cdef9d37223d5a55215ee8f43,train
02992529,27085a2456319497f1cb19f636b1c2bd,train
02992529,e5b629f4a5e7467066ccbd11a6ef0f68,train
02992529,407e5ee21fb23fd92ffe71e0e78fe3b7,train
02992529,d98df8313cf5e0a7814fa32b2a1183d4,train
02992529,774bec08bd534dd28a1687774f473322,train
02992529,efed528241cd773fa2c7c5886f4bbc93,train
02992529,ec549f2ce1fd9acb634c1ac38a055513,train
02992529,9efabcf2ff8a4be9a59562d67b11f3d,train
02992529,3dc95447a57f8d06c1e615a94e798da1,train
02992529,16c6403551e81a3eeedfca8b846d3b01,train
02992529,312c430f8b1a3fc80249ed612e14df4,train
02992529,9d021614c39c53dabee972a203aaf80,train
02992529,1e52452aeb4bacbd83156841b8188cc7,train
02992529,457b4310870bcf047f4e0c14aca1a926,train
02992529,338c3f116cd39022a40276c99b77cde3,train
02992529,44d7b5d87c26896944608b3255ca1886,train
02992529,5a28460645d4a28c7fa29a3ea424473,train
02992529,cfc5fce3c76610e3634fff5505144a5,train
02992529,1984fb95afb6dae5804722305621f918,train
02992529,4b72058b03234d188a81847056b4708,train
02992529,16ac60220ed738901cfeae953cc2339d,train
02992529,99fcfdd6edb3898a1117cb504804bf09,train
02992529,424ccff9ceea33451c81652b127a0ec9,train
02992529,c95b7121b6408df49fda13f2ab6d2b41,train
02992529,db1f83761a7a19f6d0c7ebb68662b4e5,train
02992529,bcf3ca7e860d04eaf0fbb92458462640,train
02992529,e70ce62b41a598dba48aee3bc134fbf8,train
02992529,980cefc1df9b24458b13932a0c28e98b,train
02992529,9cedde0b189fc03824ec4b72ec33390e,train
02992529,e55c20e95bf299b5fc4d1dd4278b31a5,train
02992529,500fbdefb58e261af2cdad303f49c9f9,train
02992529,8b11b38e035143ddb007a3ad40c5add6,train
02992529,c7407877d3325f7f391258277c122351,train
02992529,cfdd44745ba101bc714ce1441b585593,train
02992529,97669779da217dce4f37c101c765cd3f,train
02992529,5286f018c374d3ec3f7fe3cbfc3d51a7,train
02992529,3921288228020482b305960cf7a7281f,train
02992529,280c7836d6302b4bf3f8467cb6fe657e,train
02992529,7f6a27f44d8c9f2bbcde31492651e03,train
02992529,c3c5fd4ce226ab0c4694b8455e89054,train
02992529,f4eda7905f55d1b382476058422e4a4d,train
02992529,359be05b5042209a502122ac3599bb74,train
02992529,c5188dbebddbad3597cfb99c9c9efbb5,train
02992529,7bf76e92b684d32671ab0d8014490a7d,train
02992529,9f56c8a7cb64f4c36c87ee6c360661c8,train
02992529,bcbf0ce42d2b0f91abae9246594d3f7d,train
02992529,59e5dc88174971c567964ba700cd97f5,train
02992529,393ae1877a5e20478139dd63d55edc44,train
02992529,4991cd37af08577070346e4935b9a42b,train
02992529,3ed359e502a24e5a79510444cc61f839,train
02992529,8b4d28e4df5ac6e8656557acf97c5e2a,train
02992529,a56fa90572f9e23db30cf593b4a23b0d,train
02992529,7f756e697cd03ac821844676433a0aca,train
02992529,610a9f79a2f2faacc43c9f60fcc79b4c,train
02992529,d932fb5d06d5e4f8da8c8a88ff86c5a7,train
02992529,92ec69548761efc61f74e5d5bf005208,train
02992529,ff8676e76a0fd471fc115be4ff5cfb9e,train
02992529,d299bcdfee69c57d419fdfebc874eb8f,train
02992529,cb9e8cd0a29cbb26b6d41c42f7ade8c8,train
02992529,b1537f1eabb7f5009f7477e2986c440f,train
02992529,556b1ebe82977992c51777c7f8bdea09,train
02992529,54bb14aad2406a124ce28f0f1b509eda,train
02992529,cd1739ec8797049072f1ebe52d9b9daa,train
02992529,6167bf752533508dfd6e968ab91bff17,train
02992529,937b3450c8976f3393078ad6013586e7,train
02992529,55698d990b8147e33c7b6ed91d531bc,train
02992529,7a2a5b36831f45501b670e8e7f0f2c3e,train
02992529,8a26be623e40850a203d19a168d29f04,train
02992529,1ecbb2ddeca087b5fd71b7a0b881ae82,train
02992529,bf1f95958ec4d3e8d485372bb746f3c7,train
02992529,3ff176780a009cd93b61739f3c4d4342,train
02992529,f6b4f01d4c9c09e6af1fe3c052ed3a8c,train
02992529,3ef278f78ddb1db52a39b1d7ef8834b0,train
02992529,3d1d0255e2163917f4ad1770263e7f39,train
02992529,d1b34149a8faba42faab2c6c450c7c1a,train
02992529,37846d5854ef7da646e4b9487666a2f7,train
02992529,722acb5e8ccd39391e5d846d206adf3d,train
02992529,c6ad139da5e0799c712cb59213324f9d,train
02992529,b442b550e827cbcc8ea897fbf75dc392,train
02992529,fa3f5a6c21c56ef7e85fd905d1f6c116,train
02992529,2dccc7cfff6f9a28aca331f9e5d9fa9,train
02992529,64b6ddb847da082d761eb63018291094,train
02992529,dd8b9ca9abc834feb5784fac792d6797,train
02992529,3d5401f4ecab9be91aec2282dd8bc87a,train
02992529,e3c02395e83fefaa42dbe6bfe3cdb29d,train
02992529,fe34b663c44baf622ad536a59974757f,train
02992529,4546af9a8a67e7439c3dc4e242073921,train
02992529,e8e9617b4f7247fa3578fcb734a22822,train
02992529,ef2b505068cf120efe48f52a0ccc160d,train
02992529,4dfc1e4efd7fbf083cdba96133f0c38f,train
02992529,f9418c13ca82fb887f75fa9740df3aa6,train
02992529,f7cb2d921f246c00cc8eea03ea8843cc,train
02992529,78b4f3aa956b52139531a714ad5bf7d5,train
02992529,177a44b5e36fe9856e10bfa9f3e32b96,train
02992529,d809653bf5a21f10e5b8860dcdb97aaa,train
02992529,a857d9e7cd90163e10bc2436075f6a52,train
02992529,8da5c29d14a1003d23247d005da93d43,train
02992529,2b48b14e226b131af3b2c084b195b056,train
02992529,e5bb37415abcf3b7e1c1039f91f43fda,train
02992529,35dc3f0f2f5fe8d667a434dda72a2c24,train
02992529,6ff995a8e9faa6e83e43be0b542efff8,train
02992529,effeac02fe96f769146071e83265f12e,train
02992529,b7ab1b6f7dc5026dea8f4709e6949c8,train
02992529,bf8e0289ba786e97487d18402ebe69d5,train
02992529,e156db6fe3b9286c87cb3c64e47598b4,train
02992529,84cff93cb8ed08e55acbb5d30672759,train
02992529,c71acd79ec4cf1cdd11ec2c68afc26e4,train
02992529,ff9e8c139527c8b85f16c469ffeb982e,train
02992529,39b78390f8d5067e983a0c5c52bdbaaa,train
02992529,ebb6035bab99c3e221844676433a0aca,train
02992529,d4a038b20b1250d7241d076ab53023c1,train
02992529,3bdd569911660da81229c79e4cce736a,val
02992529,5a37ad3759b4d93df843a7d4732b1d6,val
02992529,e6f4ceda4907fcc13c47272ccf8f316c,val
02992529,81f527c62191bcd465c46de8aef92580,val
02992529,b514d253eefdbfdbddfa02c62bdf0f8f,val
02992529,2bb42eb0676116d41580700c4211a379,val
02992529,70fe91a7bc072c39cf81faac56233ce6,val
02992529,25152b4f593e5c0555940ab8fd747fc0,val
02992529,71899992cbb987ed5baadcb81f14fd84,val
02992529,ed0f3e1d20fc722bb0478ec258b0ea3d,val
02992529,72d3c4148500a7fe1bf02ad5664135fe,val
02992529,8961485f45d94383af4ba3ad8461249b,val
02992529,8270c952b147d263b9746cb9e2b9d08,val
02992529,612466085d24ce50b260ba4e94db1a27,val
02992529,7d5180e005f1601ca36bec4fa7cd58c9,val
02992529,79912d77eb2866af4e964633a1b1c39c,val
02992529,3dac1f92b3e13977d19f91734fdc72ea,val
02992529,ab9c56981431ec70f7b18034d9df056d,val
02992529,d72b00ba0cbe10a1157f4a560c24391b,val
02992529,9090bc906ec8d80aca54a3214c333cc,val
02992529,9028fceed53a144e10bc2436075f6a52,val
02992529,58c6118bd15ca3b48dd025faf4cea27d,val
02992529,1d9169471bf9223423e378ba27e11ea6,val
02992529,41f5caf37dafdecc5dcb6feb4bf8ce13,val
02992529,a698b67778c02fcb5a0a15c8380e928f,val
02992529,ed52bccead5926dfa9fe1734a6086750,val
02992529,73b87e2025cfdb6daf19fa8e8218bf64,val
02992529,d050f7389538de04ae0591d02e40f07b,val
02992529,9728d42d4de74ff69ae0ec37bea5341c,val
02992529,2435be698167b2167120841458f79dbe,val
02992529,caf0f73f4a609b7a2c4e8a2f66e4b8a3,val
02992529,a523f6e5662f8f178ddf0e44d13d17e3,val
02992529,9dc1088c4f5de29ac78df40cf2e9097a,val
02992529,6d85b3dfd681eba530400184d5d3220b,val
02992529,452b924abd2ece2d58932236a22029d3,val
02992529,bacbf0d14e0cb5df6a802ef1ce963117,val
02992529,96b1d230e88cba16f71555c6480aef72,val
02992529,1e597e56b6b2fef6c331b59dc8938ad,val
02992529,b35c2da756f8df5aa0eb5a85db887292,val
02992529,bdcef95e8efb2665408f0e810863705a,val
02992529,9911b2ee8470d6dab2098fa3046754f,val
02992529,80243e34f66a503bea95e61f66327e28,val
02992529,c7e4a425cebaa04bf9c8feac0b33491e,val
02992529,c06c6362fc6d1c9c5677057f93c3c270,val
02992529,2acb9ffbc050ac2e48bb2194a2a904f7,val
02992529,e9ef88d72ead910b8b431083b6191e2,val
02992529,62314ec7373898059f7477e2986c440f,val
02992529,7afdaca858bb0a964a28575f3344964,val
02992529,229077bcc4f52356f582eaab37b1c177,val
02992529,1d390d2560fc259336eb9fe355d50fdf,val
02992529,975de17c0b5d96cda38e5bd2fdb10d11,val
02992529,98f0a229291ea982d670fbfea4c122db,val
02992529,d565df5aa65604c86b69fa5331093439,val
02992529,271421566061988a93d9d97ff82834ba,val
02992529,a82fbd031a79f88eb6d41c42f7ade8c8,val
02992529,767205e25c8755fd89d59b774c6bc1b3,val
02992529,2278cc8b5a50421613fcb9cbc590fba,val
02992529,bf7daa3ade10ee75bad093be69512dcd,val
02992529,5f600251394fabe6808ca88aece2e3dc,val
02992529,67c6c3db87a1d72b7b8e0bea6a77fb50,val
02992529,e8d826158072a6bf1455397a420729a1,val
02992529,9c1286570bbc6fc78f257ecba9a6ef8,val
02992529,25eff75e43287223f1cb19f636b1c2bd,val
02992529,922380f231a342cf388f6c7a9d3e1552,val
02992529,3c0801c11fc7e4c5f31b75c4a94a8879,val
02992529,6aa3eee6391336c821844676433a0aca,val
02992529,c978be9ff9bfb9c67d2c763bf3599a8,val
02992529,6e183cdeba6b83b3805062aaa3bb7665,val
02992529,c87bd717c3640f0f741e88434245c899,val
02992529,b854fc846c1fc2ba619a006c72381476,val
02992529,9644fb6a1520af7fa90f3ad3635b46d5,val
02992529,bd7b84ae3b88bd5cd2dd279a9538db3c,val
02992529,b8415769dc1bc92821844676433a0aca,val
02992529,996fd7ccc0567c3c6b2ba76eab0d2b1c,val
02992529,a3193340929f4bdd146def56c5fc9b3a,val
02992529,ca2e71c5e101797fa524f6bfc21eae12,val
02992529,428ac05b36bb576d2a9eb0f146e94477,val
02992529,2725909a09e1a7961df58f4da76e254b,val
02992529,3ca1d72d2416bee6f4e9c7b80248eec1,val
02992529,c3a90bcecce7f4817b6fd5468f603b31,val
02992529,420138dffb14f929f0b45b4b4c7e33b7,val
02992529,49081a0c0cd4ad32166f3c6af52a7c59,val
02992529,5b826c910108d27a684b810d277e0e9b,val
02992529,3a8b1287aed892ba5661e3450b04a6b4,val
02992529,2ea4a3d502b12c61707fb0d61a11775f,val
02992529,54de8ee661787c1d16d46ee44c40524,val
02992529,3aa3d13575540a99167196b0ec8ce495,val
02992529,cf3f330fb6e3e034449ec657800ab951,val
02992529,f760cdb0f8cbc6fa3c28e819722231b4,val
02992529,758b9da6bf573838d214322c26aa0cfd,val
02992529,45e907ca47e0122c1752adf979b66914,val
02992529,d406eebe0342fa8373acc74b15c67e07,val
02992529,f2158f4f4141e07825a703f74bf22d93,val
02992529,e8345991892118949a3de19de0ca67aa,val
02992529,f420bf37baaeee5621844676433a0aca,val
02992529,a86eec9735db06a8226bc3b9ce9ff2a1,val
02992529,27b4f430b881e16ad6339cac3214b6bf,val
02992529,40dbb04ab8f780d6cc571cd3cf8f17a1,val
02992529,715a2661c9be051bf4ede441a9f9be4a,val
02992529,5101c0131cdf76d03f9d84f9a87a44e4,val
02992529,f77811bd35b9215dfd06b6d6f44d62dc,val
02992529,692e5fc16bc6ebd23737433332467411,val
02992529,85841bf9d27c85a26062f54263899d21,val
02992529,27f7ab052f3fce42b35f223cefd97829,val
02992529,aba1179bf8b62c812a6d73bcecfd73da,val
02992529,f63a0d0c33f7a0c69a83e6b4ae8b154f,val
02992529,bf2a5f434972f11a690a03770c5de186,val
02992529,decbc541efe459a742f1242fa6dff2cf,val
02992529,57657c2b0d983a1658975870bb96a55c,val
02992529,2f468e01f4fdcb54d81a607e3ac2f927,val
02992529,901a0180abe1011b3c629b56d283e7b8,val
02992529,2a48a703451da580555dee99eadeb47b,val
02992529,78855e0d8d27f00b42e82e1724e35ca,val
02992529,98eb601db13d2a99611f4167fca99b42,val
02992529,ecab7b7bfef8d7f423575ca8cfe7da9,val
02992529,41d95e8979b8377d251f8cf5c284bd7e,val
02992529,ed71d2ed652b911e7f521a3dcd28e9d2,val
02992529,180f36e0bdb9b33f53de6f45c4ae68a9,val
02992529,db4c6fcc45cdee08d8dc338f42ea38e9,val
02992529,ff1e484e02e001bdf8a0d9b8943b4050,val
02992529,e33124aa016bd1f19c1db271ad9472a7,val
02992529,8b4c89b8f756cc6e78fe949fc1419876,val
02992529,ce0d1ea23002e463861d8a7d0e05bb62,val
02992529,88c64c14d4b6ae5aa7636d58d56f8570,val
02992529,fe39a57b8137ecbd5b2233351507f22f,test
02992529,fe02978cb3b6fcc4cec837e48e8de67,test
02992529,bcb8525b5aa7e4a5a62dc47412730fc9,test
02992529,69e45e401c1d05b767d8789d3a6519d0,test
02992529,27c4bf6a96c6439a86a04ec9e4169973,test
02992529,98b929df60f9ffab49f9ea699d984c9f,test
02992529,17d4ef9fa59ede481cfeae953cc2339d,test
02992529,90010049891220187eda1e12bd28fb7,test
02992529,1e8d859734efb73567a6837216666401,test
02992529,864b69db6dfc4bd0d4b4ae2ff4c58b57,test
02992529,2703b7edaf11d79a6b203c09a4932f5,test
02992529,768648ae74e9d84e6d445fdc5fd8bfe7,test
02992529,d659d98d384e2c37e405d2e0f546cab,test
02992529,b69603be92146a161ad8041551e9d3c2,test
02992529,a4d81a74a416b88948637414dbe9de8d,test
02992529,53cd656555da181db6d41c42f7ade8c8,test
02992529,e0ccc0cae4dc414cb4e7b68321c9d305,test
02992529,add38cbd2fd27d62cc98c9802550400,test
02992529,7f5b9c8fdb46cf7c562c8e1ac545ef78,test
02992529,36760a27d679f058c4a0b6f738c144f4,test
02992529,427d255534038d47e5eda863cef11226,test
02992529,e76bbcc0029c979721844676433a0aca,test
02992529,a41e693828a65064e565c13e00bdea3d,test
02992529,e48a2eff0b0d0a39a0eb5a85db887292,test
02992529,33db5943a8942fdfd998bbb6a9d203d8,test
02992529,6fe550e061e70579a05d3424fd8d541a,test
02992529,638695025ca04d351d57a73214dd2a04,test
02992529,5b111b3a3e94b5907e1c85c5c15da7fb,test
02992529,39359aaddcc4b761b0a79e28606cb167,test
02992529,4bef48f1c1b4a40fbdeec9c43546255e,test
02992529,6753572868705eacdd043998582f5fa,test
02992529,4a60039ed657d838fe5c7c47101442e0,test
02992529,1292caa1282ad8cffc3c4ad908ac06f4,test
02992529,2274e1f494d6d2c3226bc3b9ce9ff2a1,test
02992529,c202335fd3dccf9d45e2a4e5729b970d,test
02992529,855a8a4c39e8fe81a060e584e7409aab,test
02992529,50504687883a08e3c6587b192c4cd3e,test
02992529,1f565ab552dc89727e51366b0cf7747,test
02992529,6907dd835a22c32f46895db2a69f45e2,test
02992529,d5fd6679ddfc8ddc59f56ab706e2f74c,test
02992529,ac0a78736d78a5a5dd8524baa80cc603,test
02992529,a13cea3066cd5b1746ab0c6c4666145a,test
02992529,bfba0e8cdd5462e4fe103fdbd20df6,test
02992529,e6cfa46780f8634de8d86c9b116d4e0c,test
02992529,d8ee6baa8b57a89add62317fcd30f203,test
02992529,61424998613d67b75ef3453134070b3,test
02992529,30efef3eef4b37eb9ed75a6428ac0ca5,test
02992529,8ede5d8c00e10a2ff35554ebed2bf2,test
02992529,7434bc601d949333cd5ca8d1acb8ce0d,test
02992529,31a6790b3175d191dca475581a23e66b,test
02992529,a8d72bc949bbf361d8dc338f42ea38e9,test
02992529,fd3c1ac6cd1f94bd3982f71b09380baa,test
02992529,f9023b680f219f7c363111a4e20c10d0,test
02992529,8b08eb5ebea05e49a3ed2b429444c197,test
02992529,933d5c217d9c01789daa2bf0c68f794f,test
02992529,c410d13694b8ca1d15e144fc878b7afa,test
02992529,a120a29467045d34c3f199bb1cdfc734,test
02992529,8e00be7402a612e17d6b888b4eb1ac9f,test
02992529,d41b332b9e6efddaa0eb5a85db887292,test
02992529,93556001d266860513ddb059403c66d,test
02992529,5e87bca3231cbdf15b5f05be350ae67e,test
02992529,283e3f79ecc4b74d1e4e60ebd003a0c9,test
02992529,d7ed512f7a7daf63772afc88105fa679,test
02992529,205b1494d7d3448e21844676433a0aca,test
02992529,c70daedaade33fd0fb24e6a63c26ad2d,test
02992529,f7fcc773249429a2761eb63018291094,test
02992529,3d5487efc1d3442ce81f45a785365b0f,test
02992529,21056b8560bdd1a9f63375fea17cbfe4,test
02992529,298ca71453baf6ee2a9eb0f146e94477,test
02992529,c1077972752aac54e8deab000196f61d,test
02992529,b91bbf0a0d09d2eb243525d45e430520,test
02992529,6e30906a4d0854e9f31b75c4a94a8879,test
02992529,e4a0f08d8a6d487ac9de9dbf8ea0d889,test
02992529,69b74f6c66dc2adf5a627be422951096,test
02992529,7bd964021c9c26e0e4b68d3b17c43658,test
02992529,3d5d7e610fc235cbcce71a7ef3de6f04,test
02992529,7392ea79052281e6bfbac23a8087e8f4,test
02992529,976a8d10e8423f8d8f15e8aad14ff29e,test
02992529,8cac6df50c515c498be6bc9d57b6a438,test
02992529,7e8e9cc2cd70a66d4d1f2fe604198dc9,test
02992529,4e2f684b3cebdbc344f470fdd42caac6,test
02992529,ad0af9e3dc8473296841a8d53aa30506,test
02992529,eb58b011745519194fde46457697d80,test
02992529,2acc3bd87282a7e31da45817bd55c1e,test
02992529,1b41282fb44f9bb28f6823689e03ea4,test
02992529,cc3f77485b8a18db562c8e1ac545ef78,test
02992529,e8d704bfd9b6c7f39af985c9d0dd6085,test
02992529,39cd15c429c6007e2826f529d0b74d3a,test
02992529,26175bc1827c3569c4b311ecb3af9fe6,test
02992529,87aeb552057c3d1a65a7971ba2230c53,test
02992529,fa14355e4b5455d870f7cd075189ddd8,test
02992529,b87251d1d4f4b7ab2c216c5e0f221195,test
02992529,39e571ec1bcd371bb785a4ac4a0dbd73,test
02992529,43b59b01866f23e6f8d380ef6d10e2a7,test
02992529,128bb46234d7250721844676433a0aca,test
02992529,7617e95211fc3ba0e02ee35b95994e2a,test
02992529,72e61015d1e4fcee8739b6dd0f9695f,test
02992529,692e46bc27bcdcebbdc2330c91f5a859,test
02992529,fe9d97823a25e56d95e43220ee0eb824,test
02992529,e0b1cb72aba261731fa8e666182e8619,test
02992529,5ec85395159a335221844676433a0aca,test
02992529,436d7a114f72dc03d4713685ae50fa13,test
02992529,1ac1e6fc09611ff049c647f92ae11714,test
02992529,5d1652fdd7cd46d0dbb1de10c9529bf7,test
02992529,dd996020281c929f73caa5ba625b1f4,test
02992529,d2f3eb92a31649647c17b7a9bb17a24,test
02992529,c4b66fac952d4ef7d9039fb3a1715e96,test
02992529,19208607cafce17dcb85f279c97d4c5c,test
02992529,b4795b53530c26c58b13932a0c28e98b,test
02992529,ceb47998c0ffa704f1cb19f636b1c2bd,test
02992529,d7ed913a3888696d289b03e5721252f3,test
02992529,c65f71b54023ee9897d7ccf55973b548,test
02992529,c7ec332bd52f939f04143dfe595ba79,test
02992529,f1b9de7276c1b07fe5562f06ed322f7e,test
02992529,b72ec892f88ab015433d4f1444243caf,test
02992529,8ec44fb44e4a3224795284068bb430b2,test
02992529,528e6424ccdcf2af21844676433a0aca,test
02992529,bbd5005058f01a54909425bd531e6033,test
02992529,5fefcb474b6dca4b23b380c931ece1e8,test
02992529,ef2472e661320b03e324fbf60278e45a,test
02992529,31e8327ffa4ba6a87790cd6f6e8952aa,test
02992529,7af2a3d126ac5e44fdda95e9849ffbd2,test
02992529,b45f58361ed3ae739d2375e90e0e0425,test
02992529,759c984fa6831ad7bf0defeaa770e93b,test
02992529,3036e6b2a898fc85e85776440ad91264,test
02992529,52494d36a6d136f6b34ae4286be3d813,test
03211117,23c99db82c910931e2c8e43c97ec5a85,train
03211117,ffbe714918d982594dea158f05aae320,train
03211117,9e1b897c08a6a91f94cedf1e55d56e03,train
03211117,f8a23c22e76666a3d4ab0eed66631cfe,train
03211117,cf7294db3c65ca5c945ef919ad31a7a6,train
03211117,ae8e106b972648d5bab4cb27e92377c4,train
03211117,a17e2808f0176f87f1f3662486c882e5,train
03211117,1063cfe209bdaeb340ff33d80c1d7d1e,train
03211117,184a3f58220427c39fd28cfa9e6e405f,train
03211117,83ceb90b398df731a8b411915b2949d6,train
03211117,f2b3efb28b5f5d56fb4038701c4e8e29,train
03211117,14c9e39b05dd2cf2a07f2e5419bb2c4,train
03211117,52e60434725b8bf8f0975d5dbdd766e,train
03211117,7e3d087ac72e46c2e53dd9bb27ba3c50,train
03211117,bdb7abf15b1a3f437483e5069dd82374,train
03211117,c62af9a75f8779b82b8499d50978754f,train
03211117,b3a975cb984a8fc6cc98452c8fce6b43,train
03211117,d89d1059b23e8c60edd8d267b4d8ab38,train
03211117,58426d216f393034d24e3068806a8c67,train
03211117,ede70dc992195dc272e55f1aa85cc5f,train
03211117,99c0bf1f81b835129857176349e96f9a,train
03211117,182a5ccd3c0c9887c21c5d9d91c5c9b5,train
03211117,5f248c8e804af22f6436916a86a90ed7,train
03211117,dbff3b6424b743f6ec7770a2628afd7b,train
03211117,e6a0a8940246d5bf4e104a60eb91ab8a,train
03211117,9d51ab35cca6288da8b55d3e40d96c08,train
03211117,d31610e1a17c5d31631465dbc2e64814,train
03211117,9740d1752c70a41350577cf04f3bf74a,train
03211117,52387a90d9aa2fb019945cdf27c7de1b,train
03211117,2bb72bc8157a2d8dd5f7c62c7dfe63f9,train
03211117,f82557870d71f3a11f9b5b6530d6e16,train
03211117,bfa95d845671c54c26d3b1eda72fa17b,train
03211117,d911b390503a11f96436916a86a90ed7,train
03211117,df81df82811b2b2fe2d8a7cb76d59615,train
03211117,6a743f7ae8deade97e0bbc356ce23758,train
03211117,cdede148ed40e40187cd01e4a414d87f,train
03211117,62188618e7d0b2f23dabafedd9562ca6,train
03211117,529cf5ad63bd49c8ccbd9a558eb91a2f,train
03211117,dc004210d943c86073b4ec5aa28d567a,train
03211117,385b89320cb3db4b958a493036fc8628,train
03211117,9a64fd5e660a8725ae95d460d60954d6,train
03211117,93b702bd7ae98bd16942161d780bcaa0,train
03211117,846b6c8cf241ce2648d13901d1f48e04,train
03211117,46609dafc47fdf2b74b687cfa539ab78,train
03211117,14add565ff90153855f9913e822d5318,train
03211117,6a85470c071da91a73c24ae76518fe62,train
03211117,7fac92e1ac6e11945f6762b47fc0ecae,train
03211117,732dde95416888ac21d25a6a55757584,train
03211117,2809c09ef575f34214618fe9321a9ffc,train
03211117,be2f04d1204c86d4db70fa8937c64733,train
03211117,fdf5375eea4c3858498a04ba00344041,train
03211117,b95414b9723439a6fd28950562697757,train
03211117,48c17189e6c58d619f4c3c326d704746,train
03211117,631ebdea5af51e499399ee63318a21b,train
03211117,8399366b1dbe22edcb349a60fd15aa15,train
03211117,4428b3a883f177c262f318360c3d0c75,train
03211117,946ec8b571ca42d378838533e331d3cf,train
03211117,df35d335e76abf5618ba239e198ef2ba,train
03211117,c356866299f4451cd3563af8dc07cd64,train
03211117,78e7b27f68570f3c47dcca01880c200f,train
03211117,792839c9e28f5afe4edf4a0df1fbc500,train
03211117,3531ea4e850159dc43a6722dac94523b,train
03211117,b08085c7aad830e3f45db6a75d78cb47,train
03211117,4bfa2e1e43d64c51cbdbc7635e6b79a5,train
03211117,ed31aec87c045ebdebe17c8dfb911d2c,train
03211117,42ad980a4102f1c1bac465483662a51d,train
03211117,ccd6958947505b34f9f3c6290096f50f,train
03211117,68206e7d85afe3619d8d0b45bd2b5b8d,train
03211117,5c79b27734380b011a9e831992816ab,train
03211117,786f74cbab946ef78517036a5ca6b1c7,train
03211117,c514d99259ffe1abe441f5bb6f88ca61,train
03211117,3209637ef61547c040feea836646b66e,train
03211117,2eb15877e9ae80d1d50505ee01b106d8,train
03211117,c4e4d46434173023ddc138ff009971cc,train
03211117,7a5a80c7a2d89bc6728fa2df514c65d4,train
03211117,5c16184e52d1317f5c188551f03b75de,train
03211117,cc7bac4f85cbd7d68a04632e06812aec,train
03211117,54f5393846bbdc64e34e21eb7fabb319,train
03211117,21e8d146503b0e72d9651cd1d591d64d,train
03211117,1308ff4c4998cec02918c93bdb2b63e8,train
03211117,2971f417b08961475a4cd9b26f359d36,train
03211117,68dd0f25329c5779be95cd31e095c9d4,train
03211117,47cc124678ef84c53bb4a1304fe504d3,train
03211117,85240d0fdd8bc669ccf3727bc3da6c48,train
03211117,42a81c2a4a261f1e1bb088904f7cb154,train
03211117,49ad86b608403b8ce760531185a75b14,train
03211117,dbc61cbed5f7f2b33c1abb78f1519c49,train
03211117,8449704b3c3c290ec5243a0ab191990d,train
03211117,fc542f42b786ae20c40162916d18053d,train
03211117,fe75bacab7594206ab0b172d4dea80cd,train
03211117,b68da827b6c8852ecd0f781bc45707bd,train
03211117,70df1655d1e766ece537be33cc045ee9,train
03211117,3817ccc2d7a247cbd821b4c6abf4a2ac,train
03211117,5f0119e9c7f437ff83361808b78d50c3,train
03211117,d96ab618ee698f008eaad608e74402f5,train
03211117,5fb06d76ec44a16bfa6dbbeb09c2f316,train
03211117,3f4a2b59d82e0f353e72acd01188238a,train
03211117,bb284aaeb7ccb54b5c4dc8ac281ba59d,train
03211117,abc4a3eb2c6fbe8064d221a686772b82,train
03211117,8007344358703f62d26c7f75d64f049f,train
03211117,cd9d0c82b16aed01e4db95aedeacfd37,train
03211117,92e757e989dab6225ad009ac944c169e,train
03211117,4a8e7bab0b1bcf77103e42d04ec345ab,train
03211117,f0582a84c9f7f353ba24f8032b14b71c,train
03211117,2e5b9f616a0805dc3704a45f4027ebcb,train
03211117,c906b5644fe468a2b61fb7ca6803b7a5,train
03211117,c12a485b4241be83b70b5d25a1334116,train
03211117,ba0f98e212668fdd22532be027c41b0c,train
03211117,2cb149b137f5182ec2c4d83da2705396,train
03211117,afcacbd7078a3b4b70bb6bcb670ecdf5,train
03211117,9329eb153c1e8b4d8479362ee6ff3679,train
03211117,d8f4c5160059ef245d79a44cb814180d,train
03211117,5c53dd3bab676b6444ac2f2630483b52,train
03211117,5a4add4da7414d11f2a521bdff0d8feb,train
03211117,c7185c6e5dd741e139b7c00cb61e68ec,train
03211117,74a99b32b562fcea7fa29a3ea424473,train
03211117,478dded38f3f8d52934a98c0476fcf4b,train
03211117,e46e45f94470b45ad1924b802935a37a,train
03211117,ed0975c0bfab1af75f17e2852ee16b0c,train
03211117,f1d77e0f4a2adc2bb305a938e0ed1b48,train
03211117,bdea41fb7dc360b57639b23a4f342494,train
03211117,e8428a7732155fc1134821a4f2837ea4,train
03211117,3f83beaa4da6209dca62ec94d15d08,train
03211117,f1b1a1badc8ed7e739d3eeb007af69a3,train
03211117,c61bc4cd473fe3326bd865f153842b49,train
03211117,dbfc22d7d096f66d5f1b26547b9ff327,train
03211117,ea58a7f6955d740fd18c7d7f7c43f51,train
03211117,87fb8857bf2bd3a7420ada7b49a056b8,train
03211117,181bc7c78185f30516a6c448fcdff967,train
03211117,f0482a9b7084c6f8c83b51ded97d6038,train
03211117,8b5a96b72767f7354fac5eaf08c4d9ce,train
03211117,3e1d0fb46bc7f84f9c4081063e213a15,train
03211117,dac4f4f039a9467f46d83d16be057f3e,train
03211117,a71826a92bedd8e1f3c3e7bb31acc31a,train
03211117,3077837de566c236a42abfb83da6a2e,train
03211117,51fcf8537a132b789058e0e56fa89a94,train
03211117,ff62121443345bf76cff78602fbd834e,train
03211117,b9ef07b9ea14f4fb1dc17d595f9add09,train
03211117,93b69d3caf90a837e441f5bb6f88ca61,train
03211117,cf7434589520c549e420fe49ae1a5a34,train
03211117,de66399eb8aaaad44913c6e8e05bb2fb,train
03211117,e71f7231406aa6ee4019d3f83e009e77,train
03211117,2d0b890161ac04b4a4d9f38918617d27,train
03211117,95832db2feb0cc7ce441f5bb6f88ca61,train
03211117,b3f23358467f8c75dc974f7ff5ddbdee,train
03211117,77f4c991478ad1c26cd5a1d5c8bb85b9,train
03211117,64a769a9a884d63f802380d5ccf70dc,train
03211117,73669f92851d3b28eb34db531a289b8e,train
03211117,c57bb5a71ebcece8751bb40f9a4c6ba5,train
03211117,f5b05e9eedcbaf9cf4d1910799b338b7,train
03211117,dee129ab8c2f74944c58a7782e1dd690,train
03211117,ab69e803c34c6b8536871b478a4420ba,train
03211117,cf16012ae10b993bd15e5f70c1308761,train
03211117,de5813ab2771ed36c3c11bfa5a6c7ac9,train
03211117,830b29f6fe5d9e51542a2cfb40957ec8,train
03211117,76b4b83212ffcbe034af0ed44f2ab2fe,train
03211117,6bf634a79cadc9851b02cde7e81f0fc3,train
03211117,10953ef61c72aacccd14781dae25affc,train
03211117,28b6e44e37586fd797e8123bbbc761d8,train
03211117,faf54bcb640753a28c6daa755196a36,train
03211117,bafe343788f824bd372d432893cb48f8,train
03211117,538eebd970e4870546ed33fa3575cd87,train
03211117,87882e55a8914e78a3cb15c59bd3ecf2,train
03211117,6272280e5ee3637d4f8f787d72a46973,train
03211117,12c3e644bc371f30366648d52e38fd70,train
03211117,28ec688f444eeb4a394b1e418d5c594,train
03211117,aaded29a2283bb4c4920a74a78f531dc,train
03211117,518b97c2a0892aced88854fc3e3ce05,train
03211117,7185d52bc9a5425e2f84cb7932f866fd,train
03211117,8fde0d7ae62ae2c802b4057d350ec8,train
03211117,75237ff4dabf0e9592552ad7302636b3,train
03211117,d2f37af28550950f4161e123a102b12b,train
03211117,a151ea6f6bf27e2c9a7c2b8fd801b3e8,train
03211117,6fa8694a2b5dd0b9db768007c05f817,train
03211117,fab433a56c7734aa16eb1b6d0ba9133c,train
03211117,cf4c78178c9dc8c292df4681ccc21025,train
03211117,4476577ff4776f5fa3ca88ef9e9610f4,train
03211117,a0383e1388e74ad8b0851ce87f32a267,train
03211117,d4bffa0adec5f9a73387ebdfbbe050db,train
03211117,96c87c372083e06e9ce9562d3c10079,train
03211117,56dee4eb44b2f0e64a6b6d001599a1e5,train
03211117,a8e109c66a0fcce7a87d866b539e4b68,train
03211117,d89cb5da6288ae91a21dea5979316c3e,train
03211117,740c4c76185ae7ef91a491e8257bd6fe,train
03211117,d4d94e7a1f75a67e3f7b7c3393bbad8,train
03211117,58eac12dcadab8bd6ff188b4687b7936,train
03211117,f2a27af5dba2217a38a57abd4646e319,train
03211117,fe3e7a35b8a1c06d3bb4a1304fe504d3,train
03211117,5e0fe73a4d919b1af5f79806bd65844f,train
03211117,9c23caf872048374ec8285b7fd906069,train
03211117,85e99418c109b98e8324c9a156c64d52,train
03211117,ac2ea2d41c57d1075999f9ba82d15928,train
03211117,85d0ff09690c539cfc727671f5682283,train
03211117,2475d02352162243cba9caf4d254cef0,train
03211117,b0cc3e614afbe6546892efe917403e6c,train
03211117,36ac6a08317e2c618f533a7f52262bdd,train
03211117,600fd2598fd5761eb9099be21c212692,train
03211117,2ba6e0c4ea459f84f5f79806bd65844f,train
03211117,15e7231a97ccf7953aeb14563b37e04a,train
03211117,b86af5698f9a04a4d0d1157c0bfa4669,train
03211117,8dda338160076595234c2f2e8f2fe6da,train
03211117,48b8290cb0dc0a6cc785f06f424b9d06,train
03211117,2ea0fcf4f443b36c5516f88085cb9af9,train
03211117,7a2d9d3d185cff794b85c79082892df6,train
03211117,91bd5e0ff352d942abfcccdda2fa4764,train
03211117,6946bf798ab999b7cfbd2b4a434b378,train
03211117,f6722edbe92ed28f37b2bb75885cfc44,train
03211117,cc1611b5120b8aad9651cd1d591d64d,train
03211117,26b26a5c4a8fad9e57145c11333eb62a,train
03211117,195ab29b4e0bcdd07b20cb946bceb58f,train
03211117,4ee9c39b1f77a29a9d5e963395eec7e9,train
03211117,17226b72d812ce47272b806070e7941c,train
03211117,e477ab5ea25f171172249e3f2c8f56f7,train
03211117,74e3d29a7e0d5bc48ce0f31e09d08e16,train
03211117,233a7970efc2594b26735a5c7bb362c0,train
03211117,165531f6138b14eb107d63d06953370e,train
03211117,48f2b6c3c82635c119609759f8339ed9,train
03211117,fe314324a1e7e5c967a964feaf6ebeb,train
03211117,d96fda816cfd848e9aefc6fb585e9617,train
03211117,dc73dee56c43fe018047f0f85f295702,train
03211117,586b4ef8eb5a59b39bd9aec93599c5cd,train
03211117,e6bedde4571506491fde762a4c6848dd,train
03211117,31512a50c12258726ca2b6e5474aad11,train
03211117,af2f3c9c8fe90380c75516c7217fb218,train
03211117,d3193b07bd166c0611e348ae03a757ef,train
03211117,6e26dd3afa4eb0a889cc5332e945f058,train
03211117,dab9064d7c98acaec5aa65dab0a56ab7,train
03211117,60e6ee2c3a2aa3fd6d07c55cf995503e,train
03211117,cb8a39997ea5433b159fbcda62e85465,train
03211117,e65ace5f42977a75cae346657a37ed71,train
03211117,a18316fe31d3e24ed113457aa21fa2cf,train
03211117,3592a95cd54f38599bb952e15a37e248,train
03211117,30fc571d408b84cd6315023d0bef39b6,train
03211117,301148e373839ecc37ab55b97a5e9f9,train
03211117,2e6204b4aa7ba83fbd28395acf9af65e,train
03211117,3934f942bb0b462a90b6c749bc63f3e6,train
03211117,b6bb7bb5927798724161e123a102b12b,train
03211117,ebd183cd1d075dd3bed06f4e613c0aec,train
03211117,217e2634c55f240c18533b168bff8839,train
03211117,15f23ffcc92b751af7502a3b84f78df0,train
03211117,62ac1e4559205e24f9702e673573a443,train
03211117,c9ff448d7dd7b271c7c51d4ea74651a7,train
03211117,2b2204a683efead6dfb0e2d6f3832f45,train
03211117,b4386438057e85988bfba3df1f776207,train
03211117,25913689394d86bd158b0b2e23af3d37,train
03211117,d9b7d9a4f7560f6ffa007087bf0a09,train
03211117,602570deed9cebea66ae7844c5fcdd1f,train
03211117,810fac004670692fe9d7a3dffbf25100,train
03211117,f47044b611046a7bf901627f525bf7a,train
03211117,5757f2fe8b1b4b559ee60daa6185f65,train
03211117,3057eaec13a196fd5b244f7c2ed32e73,train
03211117,d5ae3a2aeb50a07e75e49fe23848bbe5,train
03211117,a0f10ade51e1adcd8b8d299c28ab08aa,train
03211117,3324b4a3f1440d7b4161e123a102b12b,train
03211117,65988a39887ffed8edba57559632880a,train
03211117,b8db7ada8acd039a3406f1378b19168e,train
03211117,fa7324388797a2b41143ab0877fec7c3,train
03211117,1df7bf502e4b0e8647dd811b692e315a,train
03211117,8fb07bba1524168f7f6853a06fdb3f45,train
03211117,5880abd2815da0492fc6a8cbc82a5bb1,train
03211117,14a02f4475a5df5e337758c9d9c83ebe,train
03211117,3ebda8146a84d7e64fceb9938a41179f,train
03211117,46cb55835a88ca85eba70eb27950150e,train
03211117,3ca0f34c03ddd760234c2f2e8f2fe6da,train
03211117,ebe5a5c179cd4ae355b9f0c05f9db07c,train
03211117,bb01397739208d30d39a67ea53079d95,train
03211117,8f032c701a2d1de772167aadb6db5f77,train
03211117,7c16ddd8f3d099dade6274736c2a6b68,train
03211117,ab2f9418c111cc6ddb965514105122a4,train
03211117,f5fc954736b06be15fd06491ae919ea3,train
03211117,2d8a4b48acaf84d791bf924be509bc17,train
03211117,72b55fd0ec85d68164ac9dbe3ce7e6be,train
03211117,5530382ad4ea8b364abfe5850a7ebd07,train
03211117,917142dae380e5591ae30faf8d21acd7,train
03211117,d8a44fc1f40d0ec271d096a6914e7333,train
03211117,9852ad45bb14a66fce2fdea99c5936e8,train
03211117,191bc5c03d27789379857d0b1bb98706,train
03211117,e817263a3acf985ff6c7cc6dd504006d,train
03211117,d10dcdae2d7645ebcfe78be5b7b99c8d,train
03211117,2a08ac484551337a90eb6645edb4567b,train
03211117,e6585f8ce05ee27cf8bee374511267d3,train
03211117,5fda7abf1b684ae8f464a4627ebb5e55,train
03211117,862ac718bed40aef2715de3ea7b582d7,train
03211117,2711433532f6d1fdd7426bda0fe4ebcb,train
03211117,dddc8d8cdd6361e49c9fa9de1518212,train
03211117,c8223ca4a4fc81b3ad1f278e1513f3b7,train
03211117,1ec7d9fe07b94f6e274d4393e80e99fa,train
03211117,38517a97e7eaca1cf801e8fe8a186462,train
03211117,3c475567446dc6b7d6f4cef762589739,train
03211117,762b30a37bb098ebe7db3cc5ece34048,train
03211117,68e75f7265569b8ca2d7e4322f7f9e03,train
03211117,5ebad73554fd866830bcd442adebae0f,train
03211117,e7409303fa52f74b98de02aebd38a1f0,train
03211117,f155df0854fb33a11030e4efcf938b6b,train
03211117,9ec1a96e81e1e714fa6dbbeb09c2f316,train
03211117,d3bd7aa1ebfa45fcfba7d64da57889bd,train
03211117,6afc906811e9b40421d7ca6ede0e9373,train
03211117,26c4051b7dfbccf4afaac116abdd44e,train
03211117,32413d2f2103b3a5286e185ca42b30ee,train
03211117,f35e818eba233a7734bb689093b9bebf,train
03211117,ec190042ef2f7aaef925cd3fbd303c2c,train
03211117,3317e93256b3f4f15e7087f2d9a278a9,train
03211117,7a89e5ca49a48bf6fc22823f73266007,train
03211117,559bdf7d41b538f6290d1211e69c442c,train
03211117,cfe8df98fcd4964d9d58cf21d5faaa2c,train
03211117,34f6cff3e8fb6315fc2aaecaba21de51,train
03211117,fc314f1e3325a47af287ec53a469521,train
03211117,c98e0e745a92abccaa60d250862f15f,train
03211117,5bd1493a07c13d675f1b26547b9ff327,train
03211117,34d998b1845880795b1895ac674412c5,train
03211117,3c495b3a2c2af890acc9692a1d1e7dea,train
03211117,b6070e5c314eb16033fe3b9714de209e,train
03211117,31ea65d446d980162a544c9c0bfe248c,train
03211117,96f01698d0446641ea6e0950aa8ac31b,train
03211117,d1fe596d83fc231ef300ba2413f318b5,train
03211117,42c0246643c8ad0a2af8f68791a7d624,train
03211117,d965c9192e2ef568d36eadf9dfcb1300,train
03211117,c5d14b600ba28289ef2d91f96fdec842,train
03211117,6bc1a795d199d952f97ef3b999ddb957,train
03211117,b2ec76ac8a5c7afa40ff33d80c1d7d1e,train
03211117,caa4afd404f24d21275c1147a304ed86,train
03211117,a56c13025ec97af31ac04cb85e251041,train
03211117,2d828dc0e75a47ab760433abc0037bf6,train
03211117,61d0f582475b3d2089b367279b017ccc,train
03211117,73895e2bed7007fb2df5ba101cd14a11,train
03211117,44d14268d1e961e02f653d2c3f9c5e62,train
03211117,7706cc4ddbc96d4975d665dad1b6a18e,train
03211117,3ee0923254671a1ef2bc9da1ba799c60,train
03211117,300b49e25538c0ee5088116dfed138b9,train
03211117,7940b411f730cb767ba0766d8bbd9a5c,train
03211117,25a09a149d018bdcaa95bf474e195f02,train
03211117,f4a259b4778a77b37b2bb75885cfc44,train
03211117,9b66be71bb69a85b3e6db88fd9485c19,train
03211117,459ea1db4ad52f3d7b7c888d3626712b,train
03211117,dcd4d3d6bbbabdc6376c487287ae2b71,train
03211117,88be1603c4e07fed6418651cc29befff,train
03211117,ea4b90cca359e2d38b9be827bf6fc77,train
03211117,bb2639fdd7ee85202f58405e4baaa2ed,train
03211117,9a24880343d943f7ec059109909662d2,train
03211117,bb5b1f086ec0012d2e80bae93fb41fe8,train
03211117,f3d6470b3f4f5ad71c7075c2bc313334,train
03211117,4812245f2f9fa2c953ed9ce120377769,train
03211117,e7b9c172059d23a6f12f3a2695789ca4,train
03211117,2d0138ffe3eb25b9e23244d89a2e66d6,train
03211117,4ee8d3a617b574ee30582dab79e5c58d,train
03211117,854a48e0d902d97f9ba2cfdf95405270,train
03211117,3b188e87ba5f109e377cf79903309074,train
03211117,afda884544124320642ac1f4cab4f5b,train
03211117,db4de4095a962680c951cf8670bfff6,train
03211117,8798383e9e4181d3f4c39a35147bf949,train
03211117,e1d73ee44f1d2422b5fb024f65f6da,train
03211117,dce03c1f0b8365c335f8aa71d1d146bc,train
03211117,534d3c5dca2d44641af9a5a7008cc3ec,train
03211117,b569ba9d9d74e7d5184dd44a99578080,train
03211117,8c4cb4ea7cbd0ff5ad3833a4ccccd8ee,train
03211117,f47b9fc9a55a731a7bc6032416bc8ae,train
03211117,37a5faaf0eb38031e0e89fd83955713c,train
03211117,ad0b349657fb807d88d19ffcab9e20eb,train
03211117,13c8048199d8063c6c6253deb0c008d9,train
03211117,61a81475b820a85aa73340dd35da57bc,train
03211117,94482409d0396dfa3f8f528a267748f,train
03211117,f34958255486228cd174bb92d075f795,train
03211117,4dfbb9a4ee89b5b29382b62c9161999f,train
03211117,4e49873292196f02574b5684eaec43e9,train
03211117,421ad85cbba562878fc3447f3635506f,train
03211117,3fc7b2412782b8e9964f7ff178873e82,train
03211117,68a4fc70bff1e1cc700fc5aa044d9995,train
03211117,1a92ca1592aefb2f9531a714ad5bf7d5,train
03211117,2190a888d3f7ba6bd3ffd38a8449bde8,train
03211117,9c8a2e3431b0b2dda2cc48a1579329e,train
03211117,c32dfbc85ddecd0eab610b0c94236463,train
03211117,6437fc773d50e93b5c915b36bc455bdf,train
03211117,41bfdff7b99c13703f7e27638e63d848,train
03211117,31f688edc350505191cb6690cc7eb18e,train
03211117,111f2a331b626935d82b15a1af434a9f,train
03211117,93d0756b41670e89ce2fdea99c5936e8,train
03211117,ff7333934e9ecd5f681c36c9abb1a31b,train
03211117,eaad54605e6dfee6d862787d0e1b892b,train
03211117,32be865d1baf7eb9ca4aaad7dc0e3a16,train
03211117,eab36391bd7fb745585e5281d7025178,train
03211117,700dca3a410b751551d078b27da66690,train
03211117,7467b25f70675892d50c22be0354e623,train
03211117,6a759a4b85141936e4157a1ae61981fe,train
03211117,7422a1f42ebb1a1bea9ea4147227b8a3,train
03211117,676e65417cd3d59f3aabc01aa1c5608b,train
03211117,23f0e9274d835f2d75796bb36346e6ad,train
03211117,9ef960721520d46a922e9adbedbcd67,train
03211117,d0e4da00e7f9db087bf393182f1ba834,train
03211117,e3d94861020f97eb37fe7bdc65e35547,train
03211117,60bde4ebc37f9b31473f10e6caaeca56,train
03211117,2d56817501cf5fdbf477ab3f8ee0ba9c,train
03211117,318d349c03f0926e9b72ce7a99d3dedb,train
03211117,56a247c3688af350723edebb30e0215f,train
03211117,1a92363c2a155ed3c397356311cbeea4,train
03211117,7c5b291091dd0a166acb8fbfb472b3a6,train
03211117,9de3c0365edd0c0b3e487c876d55197b,train
03211117,f4097db6ad343f90d551435517f7f18d,train
03211117,5e64913f2c74cb4825680a002b1d7d67,train
03211117,27e65dc223cc8bc0ec059109909662d2,train
03211117,3fcd048b1daedbdeac22ae9309c09ec,train
03211117,9b1362da6b7eef2b290d7f93e1252a27,train
03211117,4d74d8c3df7a85051d225d751745cd28,train
03211117,b8386207364e622d5e7087f2d9a278a9,train
03211117,2be8c8104d0025ba74dedaf762719321,train
03211117,f84f6c14852ddad1d06e6be4f8954ac,train
03211117,a20887f46f9974d9a23949c21eddef76,train
03211117,a33702c33c345df57dee7bb3061fcbd3,train
03211117,2f3bdb6fbaaf9e60eeb8d422649e5f2b,train
03211117,58837198e067db4cde008fce66fdc56a,train
03211117,99ab7f145618ec841a1272c8e47f5670,train
03211117,339950e98c5d943a20685b5a7e34b501,train
03211117,6856b84c3a8463e3d5f7c62c7dfe63f9,train
03211117,73c5898bf63748ff110eeb6ed2bcbbc,train
03211117,5305858e5ce441d65fabfc69ee61b28b,train
03211117,e38a7ba01d45953ccb7547c95fbdff26,train
03211117,f7a5ed426a6195d97c8d48014e04ccd1,train
03211117,aa99cc4323af7144e7321f25048c6142,train
03211117,3529cd0cb733596bc22a9d71e5721aa6,train
03211117,d0792c5556bdca56d1f6a4fe2f47b311,train
03211117,2c4bcdc965d6de30cfe893744630a6b9,train
03211117,ed90f61317c3d3598435a9b7d922cf3b,train
03211117,1d628bde22788cb74161e123a102b12b,train
03211117,16e6d2d5b895f04dd3e94baac7a5a368,train
03211117,36255c016e837e6c234c2f2e8f2fe6da,train
03211117,64abc0ca2670818e441f5bb6f88ca61,train
03211117,462ba756d3337b475f16c469ffeb982e,train
03211117,9b6d300449f7bd573cffc71116771f14,train
03211117,cc3adfb500c1d443b441e189e5a85c02,train
03211117,a5939f4fbe1009687f2411014f221968,train
03211117,6a08ffb169d2929cda4553545dd45630,train
03211117,21de0761d0f8f2f9342b2a88bd008cbe,train
03211117,646b0bd4e03fba8d566636e42679cc7f,train
03211117,9be4d56513c06315a045e7ca381c39f6,train
03211117,840dfd5a8a5ad3f31db54d45f574231f,train
03211117,bd3df021605a8aa24c619b8a18eba62d,train
03211117,4abc3db68398e2cf16eb1b6d0ba9133c,train
03211117,5cbdebf9422d9858dcabaa2ad147fa73,train
03211117,3bb7a8505b99216a53227dcd0d547ba6,train
03211117,ffd0fd5aa21b9c8fb441e189e5a85c02,train
03211117,c2d39973237252e85e7087f2d9a278a9,train
03211117,dede15a6e1d27b9bd2458bf307c1dd72,train
03211117,2cfbaf480d94552c43c8f1cd479ffb1e,train
03211117,7621d8ca26b9296b104dc10235c6ecca,train
03211117,cccbf9be5d578b49bfba6cd89592cf9e,train
03211117,801812bb859e6c91f9786f6e93041cd8,train
03211117,198eebeca7243399ca5ca7089655f058,train
03211117,3c4c7ec7ffdfec50f39105e1e4d2e270,train
03211117,c65b30c8ec2833692d56866e214da3cf,train
03211117,609dffc42c3507212492d8a3aa63f4f5,train
03211117,6e3fafd33a4683d1fb0a4dd466ef3d66,train
03211117,a47aaca6619252acc4f499be00229a55,train
03211117,225d37286bed9bb9dbf53b03c847b004,train
03211117,5286df5fdb7ab5cf403c2939fca0114,train
03211117,29aaace957daebc982c69f261576200a,train
03211117,12c64d690700ecd2d25ca1a27cf9bdec,train
03211117,eb2b450565c77e3efc7ff8f848d1c6c9,train
03211117,70dacf62da510868a5ff93a193b16554,train
03211117,e70f6a81158cfb213a762233fffc49ea,train
03211117,7dd5b5e5fbb63466ce4aeb2e2812e0bc,train
03211117,5b2585db758fac87bed75a82d9bfc7c,train
03211117,4f11144acd79460b120322eac6386b,train
03211117,f124d85da3ef5ee5fb51920a0179fa71,train
03211117,9da823886a808f7da8f1d83a370a51c0,train
03211117,8ce9fa1075039c8c63f4b01b3d592bed,train
03211117,9557d54db1c95572e15527f70689f25a,train
03211117,e58344689760e33158aeac7d536d442b,train
03211117,b5f473b7fb7cb7a7cc12bab62e8ade64,train
03211117,bb870360cda15433e441f5bb6f88ca61,train
03211117,7b0327ed7286487623ab4519e0263310,train
03211117,4f598d41b30b28e84158c4db508f74e8,train
03211117,751f46191d0baf99f541411dc07303c,train
03211117,b2257460f3465f76370c049e2352d133,train
03211117,736c5f322277bd99ff21f7d46312e751,train
03211117,75ba7901816b273fe24979df4ff99c50,train
03211117,2a2369e8b0a139f67230cc2111ecdc77,train
03211117,2c1e2873955b563920685b5a7e34b501,train
03211117,15896858de30017d8e75bb5638d14ce9,train
03211117,813b3e438a8fcb189d9f3b4d1ec94c69,train
03211117,48edccab11f0698be441f5bb6f88ca61,train
03211117,75432c09d6b34efd336e9e51cf4eee59,train
03211117,f8c22e6011567f655dee408cc1ce3ebd,train
03211117,f7623667b09f2737a10a38d9fc3b0d4e,train
03211117,9727d690fe514475ac5153554deeb14e,train
03211117,34808bb66b2bfa07ab7f9d2da6fc61cf,train
03211117,691ed09923a0feb95adfd0d9df77c16d,train
03211117,59e53aaa8d8e9d5d9bb1951c99c5330a,train
03211117,9ab58a92609d8f5030b540842bf7e90a,train
03211117,7034d396585632ef5450caead37a1c9f,train
03211117,45cae393b431f75e8873c005ead1ead8,train
03211117,1a5494c28b607f699263b5578aef09fa,train
03211117,25df40f2502c6bc2b2fee0e811c64fd3,train
03211117,5ff51c478471d1f15468776e191863a2,train
03211117,118083b82350b53cb23e7e4bd2944793,train
03211117,a536c6a5f1a118feac653254a68e1397,train
03211117,1707d858ffaf146e640578ae55230ebc,train
03211117,44651d91ab8b2851fbff60ddd047b071,train
03211117,d061d2b6c934d0cc8b4b5227fac4401,train
03211117,b11d7ae45f5a84de8641d137e7c33076,train
03211117,f6a08ec163a037c310b3ff08c68acccf,train
03211117,ccd03d11c95554bae4aef3a037da6f67,train
03211117,1bd2a09a9057cbaa2b518e07b1fccf95,train
03211117,cdf8eff26c940d7fcd1272091a2a216,train
03211117,f75d1962eb04669a164790a64bab08f0,train
03211117,5a440522b7df4cdf318d408ca5b702a3,train
03211117,722df1da5778d45b1e43523279c7f09f,train
03211117,5a66f2589c7df206e1f2a1daf140ac9f,train
03211117,1a4216ac5ffbf1e89c7ce4b816b39bd0,train
03211117,f800fbcdef1ac9038b5dbcd4be5ceef8,train
03211117,93e260150e7788ab574b5684eaec43e9,train
03211117,5e70a62a7a1bdac5590b59440deecfa9,train
03211117,c9a56fbe2d5d735f9daa2bf0c68f794f,train
03211117,ed7e0817614b1c155e7087f2d9a278a9,train
03211117,f480ab303b2b595eb9f9e1b0ade9a295,train
03211117,76d87469c1fa3638577ed6878ebb1511,train
03211117,d3bc26796e7fcc6b3956af37bf042355,train
03211117,cc4b7dbffb52fdacaccd68c8aac6846c,train
03211117,9db1c375f76c8ac1db01c957364e77d0,train
03211117,981d4ebcfcd3c733701bcc8e95172446,train
03211117,d72732ab9e03ca861d73f583f51a758d,train
03211117,6011d9bbe9b04cf7b6b6751f39e7b3e5,train
03211117,46c594660d9fd584c8ec06d23612ae6a,train
03211117,3b01bed34001c78211eba86b475bafe7,train
03211117,a296a6d7957a8ce9eb752889d5199f9f,train
03211117,a51ca49763fafecf8f25f3eae9fd9c7b,train
03211117,288a8917e51c57deb0957d845ac33749,train
03211117,dfbce5e6cca00c1448627a76b6268107,train
03211117,37ed0bdf52f2eaa83c5474c35497dc65,train
03211117,72353901edbe553ef5f9c04ae80a1c59,train
03211117,d330d50a0255529d19ed6e1a590c9122,train
03211117,c8d02bdfb32767648e4cc49dd8a5f1a,train
03211117,efae87e53a1fbdf05dc3653f8341633a,train
03211117,a9432163d01a99f1d38b9064784c4b38,train
03211117,149733a616f846a2b661587eebd6c4d7,train
03211117,134c9a46684ab57271f27bd49a6cd214,train
03211117,6e4c06e5dc03291bec77bb7db6eae005,train
03211117,ed7d00e977de27e2bdfd4afbfb3ee4a,train
03211117,937190441ee0d2568b7ba679b8625927,train
03211117,7c889c3c89dd0933ce2fdea99c5936e8,train
03211117,7ad85d1478f03d4f4532b058befb6326,train
03211117,bdb87409ff3ba876cfc4c39af557e76e,train
03211117,cfdd661f4521ae0e331bde3212dc4d8,train
03211117,ff2664a07ecb6edceacb155f400b9076,train
03211117,cadc40a7bb182a40cc229b563d900f4b,train
03211117,d7ab9503d7f6dac6b4382097c3e8bcf7,train
03211117,e09670b2d890f63d84e349450a5c51b2,train
03211117,31ea284fd46d2d6013d823b13369c182,train
03211117,21ad9636dfcc9578c78df40cf2e9097a,train
03211117,4302bce2d7e6594cab610b0c94236463,train
03211117,ebc62d2dac989b7d8b71a158ed504795,train
03211117,a03ff904fbcf341ce333e1b65ebab960,train
03211117,d85f501bf76933c609d7d8d27dbba7f,train
03211117,ad3e62240370a4eab2c358fd992922e6,train
03211117,2361d8f169a7f3479ed83bc63b2fb8ab,train
03211117,aef2bbdc3b1e9e026a5e01bb88954fd1,train
03211117,df2f0bef5a669d6262c440075d5ed193,train
03211117,faa79bebcefea4256a4b4e0348cf692,train
03211117,8bf7dbdae495ea9c9db805a3358d2d5,train
03211117,d9bc4b2da5df08b7eedaa5970dd41792,train
03211117,977da77136819715cf8a1b5af7e0bc1d,train
03211117,aba93b2b9b45a30dab0b172d4dea80cd,train
03211117,350da53c8b5dddcde2313f5ca29127ab,train
03211117,600bb2a17b238a927f7954f9ba534b6d,train
03211117,35003dc3d74527729a1d432cc80562d9,train
03211117,cc499148f0e031054b8def6cb3b321af,train
03211117,7e1212c48c877b87eca8a38e13335285,train
03211117,c57f3b53b19aec84713decb1a0563b12,train
03211117,dc4b21d338c4b4d1bef7854be4daf5ad,train
03211117,e4f34d5f5cc64a85f2e5d34c7b677bc4,train
03211117,f4d398256e6ec0b4f910da6a487551c,train
03211117,80976fe087ec183f3de42699b619b796,train
03211117,45406c697e4fcbced742faccfe08d94c,train
03211117,b38d6f1025399725815b2b467e8e2eac,train
03211117,b302ee5206ec79c34ec31516689e34ad,train
03211117,dec6a8c1c01e148d20685b5a7e34b501,train
03211117,3c4382b40b0e9400279326882e8430cb,train
03211117,d0959256c79f60872a9c9a7e9520eea,train
03211117,fb1ca7e50ec3013b493a838ac2ced544,train
03211117,e51c13070dcd4ce25432e3a73fd1f7a9,train
03211117,8f9c63f788d0044dedea6f8de4918c9e,train
03211117,d5eaa13bf0dae2fee2e6b284e4b0319f,train
03211117,b06ad1afbbc8ba7536b34d1a0ff085ad,train
03211117,314bcf37588dac1ca802f44e0266ca93,train
03211117,b9cc669597085c028766390809048ebc,train
03211117,928c86eabc0be624c2bf2dcc31ba1713,train
03211117,be89d32290b9dd4aba27b59766aaedd9,train
03211117,aa73f1b28817376c6cf19e722198d69,train
03211117,581df3d934bbb7d3206de7995cd4a74d,train
03211117,9d9bfaf1a4d6c3a05f8ab9d7b9f9d24a,train
03211117,9e087d56d1264f0bae8d825afe55a6fb,train
03211117,5934ee46f6872adbf19c9a0272a2c26,train
03211117,78e3dd96ff1dab94e20f4d2769bff1e6,train
03211117,28ce23d5e56e9afa8fb952c92850e1dc,train
03211117,ef7ea1a94404fa633c1661cdd6e9aee5,train
03211117,800ca9956f66a22a23d94393165a64e3,train
03211117,c47998c0a317c60611ea7f12f22c0e84,train
03211117,d54253b71f017565b441e189e5a85c02,train
03211117,d59cbf752abeeb17f1a5dd559b550d68,train
03211117,fdf3953c665c36fdeb47c06d7d8c2d65,train
03211117,611a15a623643e12fab31d1a99fa2e,train
03211117,898073ee0a493fed4c58a7782e1dd690,train
03211117,782655d93313d14726ee873dae10ece7,train
03211117,666902d92f3c8e3f8ee4af899d7fc545,train
03211117,4f46683ad627700edb09a997c699dabd,train
03211117,597a278f80d04db46d3e11439c6c22c8,train
03211117,8f577d90510e94e09506335f6ccd62b6,train
03211117,eedbd3126dad6abe5de04aad18bd94c3,train
03211117,e52ef251efe783ab9475cee1777b2299,train
03211117,3dd60d646dc8a3da988b29896df44cd8,train
03211117,9ea0bddee8c8654d6b56d21c51d762b9,train
03211117,9b764d286359e0f9cb84789183638105,train
03211117,f240248beae8d20661049a5d9182333f,train
03211117,3ad5eaabf85f4b5cc4d320644a1ff105,train
03211117,3f15446861936b20eb1a50f8f2ea3a88,train
03211117,1412e61a9bc08ac4e6d9f3854f1baef8,train
03211117,fb62e62c2b1584b45d32c81b99496e1d,train
03211117,5bf10196a11a166466ebaa8e9b491151,train
03211117,3e9af28eb2d6e216a4e3429ccb8eaf16,train
03211117,f2f41913123a7a7e4b87db09ac4cfa73,train
03211117,ac06493582be880388c7562a134f5ac2,train
03211117,c28d66941e2005cd11ea7f12f22c0e84,train
03211117,9716c06d43de24387103ae93fdb3bd5f,train
03211117,397644e58faef380e441f5bb6f88ca61,train
03211117,bf5a771386075e449b3250464ea24783,train
03211117,19a4584a4d29778a78585e33b915d9a5,train
03211117,dfde382270f1d69a28010a96423245ae,train
03211117,9abd70906336af9c1c209b1cd3e81587,train
03211117,ba5518af411cffd8cfe78be5b7b99c8d,train
03211117,4a2a1d7cf80d6031275d003e423c59ba,train
03211117,1dccc6eee1ab6f942d692d2ec5374fbb,train
03211117,3aee103b0bde9cd7c16bf14ed6ef2f6,train
03211117,8a4cbeb489904fe3083b551ec2a5aa3,train
03211117,2772ad703e5d4b73cf6f327fca156fb,train
03211117,648fe31415502db61c298d13539601a,train
03211117,f675d7c91d540e6bb45df535caecae62,train
03211117,246f0b722dff7f16fb7ec8bd3f8b241d,train
03211117,dd6c708c87d7160fac6198958b06e897,train
03211117,3d4079a37c8fb40e808951ff5fb582ac,train
03211117,4731c3b756e3366958aeac7d536d442b,train
03211117,f5f5e872bf70f59983f551e0fd7d32ac,train
03211117,68944f7b386310c2515fc0d40df6c5c1,train
03211117,decec5d8e1f9f54e1a5295d0078b5d60,train
03211117,8826871281dc12951072594c80fb7e4e,train
03211117,a87214036fbca69e84a172a28c2dc,train
03211117,a52e505fb03e2d8568292529fb38e524,train
03211117,6eaba6819fa9b07a37a807a435008662,train
03211117,f17247f450ab313489d3a03b2edae972,train
03211117,c2b4ffa6f1911d4cd1ecbd6620e3fd17,train
03211117,b47b05891c5161189722ef9ae1c74e1,train
03211117,30e739ed4c65f67ab71158027becbea8,train
03211117,dbcd5a88a9d4f1d7579cfe4420588034,train
03211117,4230f614a9d9a13625acf8f19a51a492,train
03211117,d53e94b52e0cd47f71dd5d95c394249c,train
03211117,792427e9b92c4de63b1969d0afef691a,train
03211117,b7a259bd391ad43c69b642ba22680f87,train
03211117,3863575f24e6bbe3fe5c8ffd0f5eba47,train
03211117,64fe6e4480939c5e9b485b25e7417c6f,train
03211117,a98035c0230649c79b95c928a1983150,train
03211117,31c2bcb49eebce088198059e96f7b9ac,train
03211117,bbfac23f57b5fbd820e867fd9fb7164,train
03211117,6f7bbbc83183a93daafac0c8d5992bd,train
03211117,ab68830951b9a5a02ba94c8f6eceab22,train
03211117,87d4b97120598dc54e6185a07ec22996,train
03211117,fc0d0287ea544c707c65e97bab3e4970,train
03211117,a5269c81a3d7e8a01242824b4827fe77,train
03211117,e2787b2f0dd35fccf42a90fe4baf4591,train
03211117,1c47397db49047b9d35d1c787a8f626e,train
03211117,f3a03a173932c42b4b9b715645ffbf22,train
03211117,901170b0a4cf30e746407779dbd69b2d,train
03211117,d9bac9c418667d2ba62bc668cb34e698,train
03211117,9fc580b2097a1d3beaa3086aec501406,train
03211117,dac5376988db376b7700ed9200d31a49,train
03211117,97870c19256a95acf5f79806bd65844f,train
03211117,90502bbf33c05edb369cafe8a991ad4a,train
03211117,1fa9b1a775b6fd32d8d030206053b340,train
03211117,4d033564f0dcb412afac285245c66df0,train
03211117,536bbf9f697bbe881df9770149d6661b,train
03211117,f7d209529e47778d7a39f8821ef8c382,train
03211117,d1718f74c964b34e234c2f2e8f2fe6da,train
03211117,877cadd597775369ec059109909662d2,train
03211117,b097e8761c3cafe5a35a7666f0cfa5bb,train
03211117,30b5026e1c3f8c8a93e4d36e0c61da87,train
03211117,f1a3e41b45de104a810988cb5fefedde,train
03211117,444fe598a0ff9d7ebe24753b6321b5ca,train
03211117,e80b420abf6c590c3841abb8f4ea69aa,train
03211117,ff9a428991106434b9e65df431a37c1,train
03211117,f6515d1343e25bab8913de0e5cfdcafb,train
03211117,58fceeffe91b7b1c20685b5a7e34b501,train
03211117,f3d4cb310a6106f5e66202687a227eab,train
03211117,ac30fac9534c509f2de252a52ebb4cfe,train
03211117,e1eac12837bcadcf44d2fe7d13c65f0c,train
03211117,816eabad5c1ca552744107c67e903f9a,train
03211117,d8b955cb8ef35cd22f2d2270d816bf3a,train
03211117,1e9d554d26d4195f37ec10b15648a127,train
03211117,402938797a9a63bee270f79b60ac4232,train
03211117,b9b01abf4d7c9458ed756341424d6b8e,train
03211117,441c5d2f78e1100558ecbb7ebe658148,train
03211117,742705ebaa879604f2e5d34c7b677bc4,train
03211117,6ac7bd79924399c4a0778cc08d9b97f8,train
03211117,1a98ee5b62f49c95f64616b54f9ba882,train
03211117,453b06180bcfd33a86b76551c6a3b2b,train
03211117,1d1cd29446bff16090adfc5ef6476a6e,train
03211117,c201c9ddb8493c15c3b69089417dba57,train
03211117,9994c527e9c39bc5b50d0c6a0c254040,train
03211117,cc5e011d644edf395eae7316b4dfcbbe,train
03211117,ffc9068c8de1fe46d9869786ff7f6a46,train
03211117,98a4d71b85b581fec92f2f0063445de9,train
03211117,2967a5504d5aef38bb3914fb474ebce4,train
03211117,2198dccbee4d38e11a23ce2d1a5d3925,train
03211117,3defd11d1a251becc2fd601ec7a8062b,train
03211117,44c3e596206ce29dec86cc96197c0b31,train
03211117,144ab629198c837eeeb8d422649e5f2b,train
03211117,d1b3804c23311181f361255e85d5896f,train
03211117,6fcbee5937d1cf28e5dbcc9343304f4a,train
03211117,a990477e9c1bcaf4a70518e25ed617a7,train
03211117,bca2b66a9ef701bf585db0bff5175f74,train
03211117,dd724473b5eba80421844676433a0aca,train
03211117,3a9dfefa52a6d2643ed8be9ed4b2b6c8,train
03211117,fa48bff74086eb8ad69923e104170fc5,train
03211117,31f6f2b4bb6c524cab1a5567c60e2688,train
03211117,f84f47c7ffe0e49e44175b4dddf5be08,train
03211117,76e8b00a0f6f78de1f82a1eb98f84dee,train
03211117,cd859f728ba259b0eb5d382c7eb13b28,train
03211117,42fe49800a1e65d18a6b1cf8170af1b3,train
03211117,65d100a427b8078de1fb8c5792a5768b,train
03211117,8893ff22c6dae8e3a276bea9ebd065c5,train
03211117,70c43793136021289261ff87472ba275,train
03211117,8c4a886b6b2c8d94d7f301df5d83f77e,train
03211117,ab8af4bf679eb599ffb8194c06b9bc3c,train
03211117,777a8a1c887779f47ac59aba6f9a1449,train
03211117,dfe2e7c66b4063f79a6b496c6e9f4c2,train
03211117,15e411905cf8d7d455c2bf8f07989ec0,train
03211117,c08e59a3d09cbabf6002a1da9aad9f4f,train
03211117,41f428dfe76c1788957b752c832ca929,train
03211117,2ddb8a9c6a81f7c1be7e1d42d63ca9f0,train
03211117,f7effbc133537f0aa5d0c95600bf54cb,train
03211117,692db5a6fb6cea2174649592553d1a1f,train
03211117,dd8cebcb4d0564059352b002a7d38daa,train
03211117,37eab42757ae1545be36894b151eda76,train
03211117,d475b620ef72756f795284068bb430b2,train
03211117,5f73ccba7af987789744d3b3ee0cc03,train
03211117,d58e51e184fcc1a2fc30525e763ef5eb,train
03211117,fac8bc5420f9d472b36c473722d8f02c,train
03211117,8a89e2085e5f8404da89bed86b8f9261,train
03211117,a9a2ec15d1223290916cd984b3abbf4d,train
03211117,ad0edcc0855d1218dab76ad0db1f9537,train
03211117,24f34f582f9072eedc3e7f8ad872247f,train
03211117,64f6ac23636c5c2c8a17805dbfb751e2,train
03211117,65582f49b9191ea805062aaa3bb7665,train
03211117,7560f6f70263aeb9f5b8dd4ebdc4068b,train
03211117,66a50da0551d36c9f13ece01395d269b,train
03211117,64f160a87582cea38a57abd4646e319,train
03211117,6ffb9e26f6d0ac61e4a4a1a686b4ec8d,train
03211117,e7a14693e9c70577ac74d552b6a649aa,train
03211117,ba29aa5a87317ee09327b89c3431616a,train
03211117,ed9c1a4011d870c258d40d577ba17fc6,train
03211117,2f1975216fc24c5e572bfae97b5793b0,train
03211117,3813c5f6f50bb28a3e2061cce7606c61,train
03211117,6dab3e32b5cb52f1d67173c00f9e1676,train
03211117,5097aadb04ed3518f91a08212ded5334,train
03211117,18371c836b01c024b41d52ced3f83dc3,train
03211117,ec77fd7cf6e4810ea0a7b8ecc42036d5,train
03211117,21d627f21efd9298c9b80153270af5ed,train
03211117,1f76e392f49bc1cda6c7922fe9004961,train
03211117,8bd568244e513b09c3a0fa8ea839ee26,val
03211117,2112d3266c05ad92d99bf9137e86c0b,val
03211117,b13c22f9eda41f328c504ffda4ce2aaa,val
03211117,5ecf4a1f273ae695729e474769d21582,val
03211117,70c042c5761072bda543b6c4e1dad166,val
03211117,1a9e1fb2a51ffd065b07a27512172330,val
03211117,22e8d055ae154efbd12a1bc232f6622c,val
03211117,9536f9fd4795dc2d70ef2132a4b991a,val
03211117,cde799eeb40e6e8524d1772907b17f1,val
03211117,bdde8a0134ad5283340f0692b6ac89e8,val
03211117,115cf7354bf5926331067bcb59115bdc,val
03211117,4714a692a7e425285d534b823e951083,val
03211117,6a1e4ab7debcb3f429426a0f57e4d15e,val
03211117,15ccd76ba83a2e02b0f9d182eb000fb,val
03211117,d5d6824b5115b3d65167d3ead22db5b1,val
03211117,5664e1d072c3f39dc39fc02d4c9e2419,val
03211117,ab729d209e3ebe2fb3cfe9e599b99e13,val
03211117,771a0b1638955f3946f539968f885949,val
03211117,90d97637c01fd05e59122da3e1ccb92c,val
03211117,1f4b16094bd83af82d2d2896f4b277fc,val
03211117,cbf33a6fa0f21270fc88f15aa2f9c9d3,val
03211117,767a4f06f66596a4d0e90ab6c6492cb4,val
03211117,cfac66fe0cec664a8069dabf6dffa846,val
03211117,849b58834fec864c34794e47f2eafa39,val
03211117,2eb7069d227393558ea0068b966c5177,val
03211117,7636d7c650108b884dcb5392aaf2167b,val
03211117,1e6d8cfd991e829ae441f5bb6f88ca61,val
03211117,7525e9e986fa5059f64945cf4aa3c1a6,val
03211117,8440ff1637f2c6d7ebe17c8dfb911d2c,val
03211117,274acc511daf0161bbf0c65ae96423ae,val
03211117,7cff26e6dc84bd02c598d38a6a69ad2,val
03211117,95df08344f4737e078785e24320d5ee9,val
03211117,ecb3d57cc0e8018f3f6b4923416758fd,val
03211117,3de6f62a6faeb80933e9820fd7ca74b3,val
03211117,cd71c33773db5570be7e507ed67c0331,val
03211117,2c4f9415edb358adb71a0e5ffd778fe,val
03211117,f39b7f08d4ea066be57ac88f5432bb4e,val
03211117,871dcd6740ed8d2891a7ac029a825f73,val
03211117,d9960f7455676e94a0a7b8ecc42036d5,val
03211117,33c639831fef416957015074db1e51bc,val
03211117,31daffe57909195455357c338ec9641,val
03211117,8a7712d5c8614b97974e278a62ec98f,val
03211117,d5b088ccd7d1a7ba8e2d66cbf6a91063,val
03211117,3cbe9bb95e5004eb342398ca9dc32672,val
03211117,817aa8a9ac7f57f9dd936ff7b4023f05,val
03211117,f4955005fc3fa1bb64b3cbf502645c74,val
03211117,d4d8dd7053596249bc1905b3bc668597,val
03211117,2bbf7f77d43b74338a331b18e58c6914,val
03211117,9297e108b9780fe7da0ccb8671dd235b,val
03211117,241b26438e8523ee2846fa729d90e125,val
03211117,61a9c9dd90089425769ba004c0947e77,val
03211117,d32688a505930c96e2c8e43c97ec5a85,val
03211117,880cec9f3dff564af81b347089add3de,val
03211117,d7b87d0083bf5568fd28950562697757,val
03211117,87f8c79413300052252cde31666379c,val
03211117,252640ae350a1e53f119712971a6882c,val
03211117,e2fab6391d388d1971863f1e1f0d28a4,val
03211117,993e7df9e8166312af8f68791a7d624,val
03211117,c0125cb175a11bc4990549fb11675099,val
03211117,ac81f325fbc993d3eb42617d0a1c53b,val
03211117,45a4d128553abb329bf8498db368caef,val
03211117,c257e38f51bb660447de0ecdff019da9,val
03211117,40c53f54e7fb0e3ff4c409c17e0a5165,val
03211117,aa92ecd31491bca87a88a2ad67bfd073,val
03211117,ccff142a647e673dc24648b5216c0d5,val
03211117,8a7b80310c1d8d1b3d5369d27421e60,val
03211117,dae83168187a9ef8628fbfd12f0feda1,val
03211117,78f69254fdbe4cb4ded49d32c1b10de3,val
03211117,8ec017a94a41b097b1b11b582321dc3a,val
03211117,b163a1a49784d1b890da575a4a08834,val
03211117,6f7689fbca875b034302674f512c0e5e,val
03211117,64c23d38d98f7529811348287b48cb45,val
03211117,9aea8bba40aa793d9429f6a938b3978d,val
03211117,f3004c5b38bbc0e445804144dab4dd66,val
03211117,df624231ef05b83d54c7ab6aa5674ccc,val
03211117,31ef46873b20e53274e7ea1d002bf071,val
03211117,79f26b0be635b891631d57ce83092826,val
03211117,2f07cae4c7809f0bcf5a37a70014c623,val
03211117,ffa987a79bc96e869e23f6fc87a31098,val
03211117,416674f64be11975bc4f8438441dcb1d,val
03211117,9cd4467976a27ac9f3b65283778dd624,val
03211117,63d4e03c4effa06d6845a0762dd07baf,val
03211117,ea7dc70f0ef4b04bcbe0b8af4aec5d6c,val
03211117,e1eb75d031091e422616600cb9fa6226,val
03211117,2c5b951b726b7672c137fd38f49b032c,val
03211117,f464a98b2d4f598be8581b38259c3721,val
03211117,57093dac689edcf2cd318d8b7a33448f,val
03211117,c4b636e2c361be9dece694d60a812f12,val
03211117,b228f0d5208fd9ac30ae9117a5a20ccf,val
03211117,815060a9c109ff4659de6f0155fa4014,val
03211117,ae33f2b2031069e0dc67390c888f2eca,val
03211117,d9c951f1008183e69755c35f0639c9f5,val
03211117,33083674276c5cf5b07a27512172330,val
03211117,55ee60e04ea3816e94accef64b26a3ff,val
03211117,77fee7e689d94e0f3637439a589fcdc5,val
03211117,2ca1353d647e5c51df8d3317f6046bb8,val
03211117,ab20e7f54f10bd0ec1f8c53978a2ad35,val
03211117,20476424cf10985610b144a5a224780,val
03211117,d8142f27c166cc21f103e4fb531505b4,val
03211117,f3ab112671b02010be54ae8147665701,val
03211117,61645237bf8de4df77525a753bdd4f00,val
03211117,a6fe1a137c076e51d404da78b2c36d5d,val
03211117,d854bf9f589e5a6e69a98c3ec2f88e7d,val
03211117,132df41128e6b43356fd3a55668db806,val
03211117,94001a0000497e8ae4b68d3b17c43658,val
03211117,e5e5018fe96e414528d0f4c81cc1f1d8,val
03211117,95d82c761a54684db3690a118770a184,val
03211117,542ea1fa89d51f12dbb15541d28bf6f1,val
03211117,5bace77f1df591e9241640224e45ebea,val
03211117,4a21927379f965a9e4b68d3b17c43658,val
03211117,f89e49aa0058323d677ccd99bc42875d,val
03211117,75336682aa3e245f80ecbe6250826360,val
03211117,4440935e5e566502250bf58700b4d8f,val
03211117,66a71f2cb778aa726321867cfa9ee57c,val
03211117,481a1dfe44babb3892b08e504d6ff5ca,val
03211117,12c1b3fa24cce3e75745b9fe8da12812,val
03211117,45c66a24bf0851246e22e2d2f64c8cef,val
03211117,5a20c7f723b42d2b74ff95ba57b167a8,val
03211117,e9466e872848075d3aeab48ed64c0fa4,val
03211117,3017481ad6a978393eb1d3da560687e9,val
03211117,3899bd2eb8f9e9d07e76a21e51d48a61,val
03211117,286a7629b62426b5427c20e7fc0367ac,val
03211117,ed9d09a17e472e0acc9692a1d1e7dea,val
03211117,6a9dcf34fdfe8ba82d8b18d11bd45e6,val
03211117,2608db8ae887c6e0b996b003c2af3823,val
03211117,5a9951b9945e67566d260179aed5cd80,val
03211117,85395b5f99177f864311b8458795b94b,val
03211117,717d3ef4c7000c5917a27c3fa1d3566d,val
03211117,d206f9b91dbe5693cc5743e8d662956,val
03211117,6c49b516b04e89a15817e30de1dabac4,val
03211117,a44dc3e6f574bcc942e76de3842fd93c,val
03211117,d83dcf0d435bbb87b6d41c42f7ade8c8,val
03211117,9b7cab4099b2d1dcab29d5c9003deef,val
03211117,eb54df4a6211364d49d7025d277c28a1,val
03211117,ddd82fb23a12e2eb2c8bd51dc6fc05b,val
03211117,c0ed587c1ca5709b1c9fef7c3e095105,val
03211117,ab8cd6dd65cb0ca9770f31b5d5715b63,val
03211117,dfe294c64407f6035c6271c95adbdee,val
03211117,fd2f94be1061ff2ac92f2f0063445de9,val
03211117,cb0bbe56efdc7c2590fbc3d35abb4728,val
03211117,5cb4fac8452906f66ba14bfd91a75020,val
03211117,ffc224f284b63b17b0f6d70666df2668,val
03211117,1405ccaff7fa9dbd51b711a0825fda5b,val
03211117,e2cc0d50d6953e760a25ec0f32e89e3,val
03211117,b7315a68691210ebb25884c97d065d99,val
03211117,4744bc26253dd076174f1b91e00d9f2d,val
03211117,a57682cb8ebc224eedb8bbed3955f432,val
03211117,76d351e5df26f91fb895bc5ff828fca,val
03211117,bae43dafa75f827f4375bc8943daa105,val
03211117,3351a012745f53a7d423fd71113e0f1d,val
03211117,ecb96d46eca5724fef0411fcb48f0299,val
03211117,2bd7f9ea0c695a309c739d3276070b8b,val
03211117,cebb35bd663c82d3554a13580615ae1,val
03211117,3b188ac95d09cc149d74e2a2b8c0c58b,val
03211117,4b85feeead6313806329e8c7b28434da,val
03211117,78c2861ca4574a8fd9deb3f829cc2475,val
03211117,817aa43250590b38b3425db9d50d5dff,val
03211117,d6752674a181d04829c956de83176829,val
03211117,2f12da0c7460b22cd3ab2bc0f53ca878,val
03211117,dca7417eaa143de13ccf3d40fbcf475f,val
03211117,7f489cfe5174ea20c29a46091cf24cad,val
03211117,87b093f1fa5495968cb623bbd4140197,val
03211117,8bf89a26f5e7824a8eb91f418e60b82e,val
03211117,a4dd6c69ac130db6795284068bb430b2,test
03211117,763d4754a37cdb953c491389420760,test
03211117,50575a330ffdc66ff5a91610a18641eb,test
03211117,5c67f17ab9c9db50fcf74172442ff5b7,test
03211117,2b0b8c07582c83d426bb7052f66b6d5b,test
03211117,9a8487c37ea68b49e5a14a547274f040,test
03211117,93b288efbbffff30c1dae5936fc55ce0,test
03211117,5318296d6d07e4e6d40cd81b129905bc,test
03211117,12ea5095e96f9ed185d624cfcd9a37a7,test
03211117,e5b50925213ade6a340d4ac30c6d322a,test
03211117,dada218e78c9c81e2250bf58700b4d8f,test
03211117,51b92bb1df3b1a10ad1d87becf13ddd9,test
03211117,daae6d7f0e8d7e208a8be3c02effecce,test
03211117,be2018563a5bf1a088fe6ee2419d9481,test
03211117,38ecf0c5f3d5ee533fb0920a55a7e805,test
03211117,7fbb5bb76b0058be972398ea2df8e7c2,test
03211117,cab3f094677c1070202380f1becb8a55,test
03211117,6a5ff378aeb44691a3fc5ccb0f902d07,test
03211117,d3f9fc10276d8922f7248d9dbed7a7b8,test
03211117,195d9d0305fd1625679efbdc830f6d0e,test
03211117,f82e94964e06f23fd6d49cce41472b6e,test
03211117,3783ec2d4ac3b097a7f97cee360e8d0f,test
03211117,fb92cb1fa04c2ba6bf1c304f780914c6,test
03211117,fbec33bb92e066ade1f2a1daf140ac9f,test
03211117,6f9ee2b839d3a03683fb187ab7c1f026,test
03211117,36ea450f5d479481c795085b4d203932,test
03211117,e3201a9e4ac0a8a9e255d96ab3987a,test
03211117,e17da83890fca0b8290273bda7ed0d31,test
03211117,fc0b4809f5a1a613496b87cefd345586,test
03211117,d6039aa6de8b5992af6cfa169befaf46,test
03211117,b90e7ec58327059e20327f464fa1f012,test
03211117,bba0cad6dbbef2589fb287620a60b403,test
03211117,89f3262d8e06acfdeb0ce5843fe6b264,test
03211117,437d1c161da1b9fc57e4c0b864012bb5,test
03211117,941c16598b8fb4f92ddfcbe9b600cb8e,test
03211117,a6a5497848d40c4a46738cc3b1934e6b,test
03211117,27107e057772be0d6b07917e9ad0834a,test
03211117,c4a41bdc2246d79743b1666db9daca7c,test
03211117,df8e098d4dbcb5b2ccc4d915989bc424,test
03211117,1f6cf74de609bae7f5542066243014cb,test
03211117,a568d8aaf2b587a2f27bd2175000097,test
03211117,50934056d4c1735dc9d02d4e580c2722,test
03211117,59580147939bcb7e8b296db8a8f00728,test
03211117,5145c2175f9db9d3f0478431b5ad57db,test
03211117,c0c1c344c3bcea10c0a5099af057718f,test
03211117,3c7ff78e8036b217d3923426933f698d,test
03211117,a6985e8e32df69a7fe50497d5e2cdada,test
03211117,79c623657fc683a54112e839a470cf05,test
03211117,795fab6a3c23c0779f8445dce6fc950e,test
03211117,db13ba7f1da5dace4ad2635b7d12d09e,test
03211117,dba7ecbb12fffaebbf61576316934f86,test
03211117,e6304d3bec856684d9c9f98900faca52,test
03211117,a6ce00ec813199804e2b01a3e0fd3197,test
03211117,6c56f6063ceb2ba4de1b0b03ca051f02,test
03211117,f3bfeab806cc976072052f2ed83934f0,test
03211117,e52a477d9b54dbd5672efd73ea104790,test
03211117,8ef52dd9b307eebfa31cc7b61ec6561,test
03211117,11c041a780cd7e58e8b612d9fc824411,test
03211117,f06cab8286ad4f7cecb44abbf263be08,test
03211117,c4c15ab5dace66f81ba1d2ff478f3057,test
03211117,ace79948f769c652fdccfdbeccce2c03,test
03211117,ed00d5a47a7ddbd5e464ff83d36486e8,test
03211117,792002ca0c65b1dfaf7869e0a5920f2a,test
03211117,b72579335543691423c841f9d5051936,test
03211117,5bccf9711e1cfcc914e970d26b98a862,test
03211117,6f1c8a6b5d684a98e3d888a4f2b9ef73,test
03211117,2963a8a608ba6833b6709846a0e82dc3,test
03211117,1dd3f80712873a638f6095a93258c867,test
03211117,4407eac60124e17789e75af9d2c4ee4b,test
03211117,a3ada0a8bc0d4b8392ababf87635e60c,test
03211117,4270cebd8ca0f2593dfb5aeeb86be115,test
03211117,ff512c4ebd3f9e27f08984f51debc075,test
03211117,df5e129b50eb2f253bec56bff764ba78,test
03211117,ab64dabcbaf1086f14d199c00aad9da1,test
03211117,1d9f55b1651c5190a3f4a96ccd277d49,test
03211117,44f363137d006f3cf7fe2bde3ab894f,test
03211117,44bf642d0b33752628fdea86734e40fc,test
03211117,9711341338f550145b778a830599543,test
03211117,bc690122f4a3646047dd811b692e315a,test
03211117,ff8418d110a5fd5211ab369e12343c13,test
03211117,2b70ecfd4dfd162d4a5f5cae871f39f9,test
03211117,2fc578c8daf35023ef641b9022b66b97,test
03211117,4b2a5a666ebcc1ae57c0e3dc4a759a6e,test
03211117,b0952767eeb21b88e2b075a80e28c81b,test
03211117,91db88d4d0956e92a9a12c50dc330a66,test
03211117,e5dd90d78168e53741e88434245c899,test
03211117,4b29b207acce575dafb07a946d621b3c,test
03211117,8a87846412b40900ab610b0c94236463,test
03211117,d24f05f573621080af70f0a098b23d33,test
03211117,3cb53b32b97c0a04c04cf0f68103eaea,test
03211117,3fa2125a637970e2dc43f1f9f0a849c6,test
03211117,79f3ccc203ed18cc2b09e302847180f5,test
03211117,bdf3dbf43ef2637f578d107c71db28ac,test
03211117,4736b46f6cb97d091e02c9947dc6e279,test
03211117,a7dfbb06cf1803b0b6d41c42f7ade8c8,test
03211117,74cb25b4b8b2b89df9f3c6290096f50f,test
03211117,e42fdc1419328bd7efdd13124d5ebc47,test
03211117,b05a54988fb28d20d0b341c1c5648015,test
03211117,324ef9fa783f6fa3a70ed7ac6903e853,test
03211117,f4877a34163978f84efc7e7114f1b9c5,test
03211117,25c6bdd929f9aef77d6fbcfb6b291844,test
03211117,956f4464a0c344d621c6aa624f82ef1,test
03211117,5282a5a7482b317ae81a51f0a8c4cae1,test
03211117,af56bcebf21951faefc87a91fe7ba1b0,test
03211117,caed0c8c10f5738bafe08eb441adfc09,test
03211117,c16f53ea58244af7d5297776dd9015b5,test
03211117,4516c31dae48a0efbff4c0ca0d98b77,test
03211117,94525af6a244a33c21d7ca6ede0e9373,test
03211117,8dd161fa61bb651eaa95bf474e195f02,test
03211117,b0c1b6c373c4ef3a83f09c7d0a6695f0,test
03211117,eb712261aec94a8ddf8fce61d01de43d,test
03211117,a1e844489abee455972d35c68e1bdca3,test
03211117,edfc3a8ecc5b07e9feb0fb1dff94c98a,test
03211117,f9acfb901156d3b7dfa29c60bc1700e1,test
03211117,95244648a330b9c0330afa9b9b51085f,test
03211117,98b12e9101b3d93c972a63e345b45a25,test
03211117,75617d66e4d82ea2318461dc09ee739c,test
03211117,9972709345d24fd31ee6305032661052,test
03211117,909bd886fceb080a6facfc0053fedfbe,test
03211117,7e53c694e5a223346989969642549931,test
03211117,66d6590ce707340f1c7075c2bc313334,test
03211117,ecd1641932584115fcea08a6f6e1c30a,test
03211117,882619bc31c4e4c88091986dc5b9a01e,test
03211117,b3ed6cea7ecd3f56e481cbc0aafd242a,test
03211117,adaceffcf1d89f9552b499dc8d840804,test
03211117,e2e40536be6daf7615000ab5e56184f5,test
03211117,5f2048a8af029336a186ecbc0474571d,test
03211117,fbe9615a45afa17524f0493013a8318f,test
03211117,bfd57bdfa26cea8b5db5515d1151e20c,test
03211117,eaea42ae1a406492df8cce42a274b981,test
03211117,a5c6d3b9945df19dc534b4cdb1fd80d6,test
03211117,6f3c489407842f81c36ff2417ee947,test
03211117,4d11b3c781f36fb3675041302508f0e1,test
03211117,2d5d4d79cd464298566636e42679cc7f,test
03211117,e767c4f34fdce88a9c4081063e213a15,test
03211117,f3f21d06ff78f426aa444c25b73bbf6,test
03211117,d10085421b3cd3a27504aecf4baaa1e,test
03211117,6c8f7736660f2e97e441f5bb6f88ca61,test
03211117,d1ff5895420a205dba1a3bdff265e174,test
03211117,54ec97f055d68a78ea0068b966c5177,test
03211117,d41ff8cc1f08db6341d8f14d547541e,test
03211117,9ff60c2ab8d5a15abad8372756ee3232,test
03211117,dbcc94dbf216e37588bef8ce0a02fc04,test
03211117,1984fb95afb6dae5804722305621f918,test
03211117,668f2602ee2cd581a312d1c0842a5165,test
03211117,415b39d4f60a36d742274cb89cb6c841,test
03211117,2049436c2457a4203087f84b199fd297,test
03211117,7c06bba1afa0553225a454369d791fb0,test
03211117,52a7f3e36d09848ca63c1bd05197cc,test
03211117,c19d616f13bb70d39306959137da47ca,test
03211117,fd19c9fe3d5e58549c4081063e213a15,test
03211117,5e7034ba47012cf088c7562a134f5ac2,test
03211117,eb75ac8723230375d465c64f5322e86,test
03211117,2979d8814a450f884b8894e5e467986b,test
03211117,765526579b03cea972a71697434c2820,test
03211117,887fdc9a9940ea57bd59d5b2d356dfd7,test
03211117,e85041124d09cb07318461dc09ee739c,test
03211117,1dd8b03b590dc0ff9470c43f253f33ee,test
03211117,9cdad8b178d7743326782c9200ca97fc,test
03211117,d34a267fb332b052901fed29c825c894,test
03211117,415324f27ddd70b4ec3d7b1a84909dc7,test
03211117,aa2f94416852aaccc60dad40a0c0e85b,test
03211117,bb6392ddfeb98b19822cf0bd2945d4dd,test
03211117,18dd6b73f3ac2fa26da250acc5e18ffc,test
03211117,e912fab93eb63fef6b4897a481d7d16a,test
03642806,18fdfff5acc4eb28e2720b34eb9e71b9,train
03642806,e5d666a9b3aceaa2626c1b61fb70e077,train
03642806,9728d5d4ba7fc664aa4473b82fdc5099,train
03642806,d380e53dafa66c1a86a7e0484f5238e4,train
03642806,cb6ae19022733ef1956ad4a5a9b8400c,train
03642806,7ebe5cc71bdeebd9dd70b866e1cfbf35,train
03642806,9bfb4fcfe4fc903ca1fa797bebd1cbce,train
03642806,4fc3d56243d2d8801ef1ccfaf50f2048,train
03642806,e9e28a11f71337fc201115f39f20d1ff,train
03642806,2ce3a50ca6087f30d8e007cc6755cce9,train
03642806,fae8d4929159d0df7d14ad32b7473fd2,train
03642806,9cb17f33ba3c057255d5baa5be4ca05,train
03642806,662bff93f075e8f29a4b8c8271f09050,train
03642806,da0f6b3a375a7e77e963c7e7c24b8dcd,train
03642806,97be95bc027c84da5a7ade0e7a3afdc8,train
03642806,c3382162e3502ee41bd042808f3b79ee,train
03642806,e083105e9c2a28bb0c3a03d0a1f182f,train
03642806,25f391ae823c118963439329667c7723,train
03642806,8e38d4d1f849f024296462783ef76d22,train
03642806,a3d3ce1084c2dc3457cd4ef590dc070,train
03642806,d30e41084edd4d73487f00a15f77c99,train
03642806,97e94d800fd6dc07dbaa6d42a4980930,train
03642806,56517e22979b563460ac9d6174947ab2,train
03642806,ce13a85fb71694fcb611830890d7aa97,train
03642806,9980e8f99eb0098bc6b48dee64de8434,train
03642806,343c090b2004dfb0910bfefeca21d514,train
03642806,517de75577ac6e8a42b9615216f9a30d,train
03642806,535edbd064647a2d21c4ab26dcc5566,train
03642806,4573c3dc7525a4754145b5f47fac09a5,train
03642806,dd205f0f8bc78bae359d7b39cfebb287,train
03642806,3b2bddb0e8ff57c85831a0624cf5a945,train
03642806,f1c6801e84c85a07bfb149497503af,train
03642806,b211cfb105e9f97e6436916a86a90ed7,train
03642806,7312c9dc3c2802e926db2cd5ecb2df2b,train
03642806,3b9a99663babc301e2ce1e6d2467cb03,train
03642806,53bdcb3c0b28a51b580ee4476b0b0ff,train
03642806,90c01fd78513bb99c9b20aa1b8066c46,train
03642806,7f6bd9a933f6cbd33585ebacb5c964c2,train
03642806,3b2db36aaa2546b99c7c402f274622c,train
03642806,29f5cfcef7272f1f640578ae55230ebc,train
03642806,dafca3237829fef9f6fef4a0ba2e7186,train
03642806,9e901676eeb65f352b1c9d869bc37167,train
03642806,cbbfa8d8eff7a681797b57ae3deab1be,train
03642806,9ddc0f876f54a784f3655a2ce983ab1f,train
03642806,818a8f85eb37248f7e51366b0cf7747,train
03642806,dda1832a36858f06ea791b47ef8b531a,train
03642806,519e98268bee56dddbb1de10c9529bf7,train
03642806,95908e92aba3fb46fc588a8e4bb2f15,train
03642806,afa49e97861c45e5e738f481f8560d58,train
03642806,f28fe2f836cb0dfaa8f4918d18e28074,train
03642806,67e882442eb4c03255e8ddeaf1791474,train
03642806,877b995954f127225df8529b323d6f29,train
03642806,1d20a8518db7e689f0b97bc9b1844ffd,train
03642806,39b54fd684a4ed3e6f0a9a10dc885e17,train
03642806,7d2718656efb3920d1954a7ac233ac80,train
03642806,a76724964bc58c73ec00b83eb025362c,train
03642806,39e61115ba9df4d3cf75707bd872e2b3,train
03642806,cbcb79f534518dfbcfe78be5b7b99c8d,train
03642806,4a715660d89e097664c908bd136dd7c0,train
03642806,67e4cc8e13aa863cc418dd4d8b66af83,train
03642806,54dd364a4ea326ca21844676433a0aca,train
03642806,8489cb783d249651b674654e7bbe623d,train
03642806,2926c35f9f2b8c7556faf77ac8662d5b,train
03642806,20d42e934260b59c53c0c910fd6231ef,train
03642806,bb6af0aea6bd2381b0d7b0d4230df8ca,train
03642806,4ad5cbcfd2e2256414f029a400534157,train
03642806,6c6a96e4486cc02cda66ecbb2c411f37,train
03642806,298cf1c20abcd641f9f562601150287,train
03642806,a2346fd2b76d58bb2aacdb6e0b5b6c83,train
03642806,79b420b8fdf6a37db747d76ca5db985e,train
03642806,d91a3191d427bf0467710679e532af1,train
03642806,5508b5ce2820e4c36efcef06c0770d26,train
03642806,2d5d4d79cd464298566636e42679cc7f,train
03642806,164b84d13b3d4650e096f6db40afe7bf,train
03642806,33b9567a9f534747cdd9e16bfb7eee3d,train
03642806,151fccb37c2d51b0b82fa571a1cdbf24,train
03642806,ed35ed3a7c8824e5996bace9c8deb982,train
03642806,4d3dde22f529195bc887d5d9a11f3155,train
03642806,dd3642b10fdf3550615ca789e669df24,train
03642806,cacb3a7908b0bde4478a2ccf0e4d84b2,train
03642806,d31e025e9ff79c58db3780255bb0fd19,train
03642806,129237ff9e4f5d5c95b5eddcdeed8f43,train
03642806,55a05b33f34e7211f71cb38553f14917,train
03642806,a7069a96e11b8825483afc91de6851e4,train
03642806,1971fd62c05b664a816d6ef08b9362ac,train
03642806,f4c6dec2587420aaf92e5f8fe21ceb0,train
03642806,92702a4de72aac3e20685b5a7e34b501,train
03642806,28fbfd8b8c9c6f16e1e44e2fc05361d9,train
03642806,59bf155f2c4d655894c7c2dce500aa02,train
03642806,f496fa98fb41f6b1ea5768960d4a805c,train
03642806,7766bddc0cc89e4234b8b727387e0b56,train
03642806,ef6d43add46d0cae4e07b09c086cc5c4,train
03642806,81ba52b908e4e1bc8ca8637757ac3f67,train
03642806,490245e63baf78fb1bf5877a865437f7,train
03642806,c012da029408fb8d498c10f665c444af,train
03642806,a96983022f36a0a83ad38b993d9e745f,train
03642806,5baaa726f51cd09b507f3bf1d3472684,train
03642806,7e5b970c83dd97b7823eead1c8e7b3b4,train
03642806,ebc59a9b4291ce274c3c121820623e4e,train
03642806,894e47a6adb76680d4eb7e68e898dc44,train
03642806,5b5247b13d5b21bdad2954b86711abbd,train
03642806,76ce3dd6212251d34145b5f47fac09a5,train
03642806,f53ea19f871a80d420685b5a7e34b501,train
03642806,7d2ed394b410e9646f6e459e863eaab,train
03642806,621882a4afd2a126369873c1090720a1,train
03642806,dc264eab83ca12b3da4c0d8596dff972,train
03642806,de9a39e8ef9c313bbba0ffaa383992dc,train
03642806,645a52293092eceea37e4476f3cf2752,train
03642806,e555880523dc11425b440d1b0fe8ea5c,train
03642806,4348768ff9802fc5ce1decf313ece97f,train
03642806,40935d32976b7dd3c8ed5bb8c3ee3317,train
03642806,f9f484e4364663d61bb5a64b9a0f552b,train
03642806,6146d9fd9460370c578b3fc82443ab96,train
03642806,1ce087aba42caa73b8152979f6537fad,train
03642806,41e263d2af5c667f988abef1fd117e7,train
03642806,6123321e3af0b6328204b359ccd3949e,train
03642806,80523db48cdfd058b9e4d514e1e82b2b,train
03642806,342150823878f1ec9aeacfc2a1a52243,train
03642806,ccf62b71e7a9aedfb162fa62b36ac9a4,train
03642806,2cafa6107fff001f7a470f4d014a755f,train
03642806,1f507b26c31ae69be42930af58a36dce,train
03642806,719be2a932ea7891374110224c1c4eb0,train
03642806,593d32126cea601d5a952e55d06611ce,train
03642806,6103fd8c11413be975e42c1faa1148bb,train
03642806,80c013931b7f7b49636ee1998fc5378,train
03642806,b233163860361eda8cfacef5204026d6,train
03642806,ab9321d89df4d58e78c854de246ffde1,train
03642806,f72dc1ffeae0168aadcfd37206a0d18b,train
03642806,66e3b7c7f2e8e9297fd8853234f5e918,train
03642806,73b436084ec1697627d962ee5b0a40c1,train
03642806,69850d70fcaf5a464161e123a102b12b,train
03642806,a702d347f32e0d3a229fe85eb79d32b,train
03642806,b51683c6285fa0f69067ac5c9d4ee692,train
03642806,a01beb9be51756f3a507c96c993b141e,train
03642806,f8028a9b5e095caa8051d8192a80578f,train
03642806,fdf791fbb8fc7cb58ca8637757ac3f67,train
03642806,195e2a65e5396271bc7eb7ec22211551,train
03642806,4504a4d244d05ddbf5f79806bd65844f,train
03642806,9fc5b76d363ca64ed03066fc8168e9c6,train
03642806,ef8ea9a542b06adcbd6e55f88e701c4,train
03642806,5ea74fdff0f69a60546d7b6431984ed4,train
03642806,79ed190f0e35ccdf98ce68842a487b19,train
03642806,ec3223edbdef2db93334fb6668ccd834,train
03642806,e9bb4175bc73a2eeb60886b233d6cbd8,train
03642806,6c1cba2e5d2ebb552209327b12ad3fd,train
03642806,93958423b98be8b538ff1b6d120c56aa,train
03642806,6ab94ae2ac08a1ff100b1bd8b508fdbe,train
03642806,92e6341ab62ce4875c0be177939e290,train
03642806,d122ecd3c34e87eaf76120a09d6a0db,train
03642806,464edfe14e9fa45c3394926146371698,train
03642806,a4b410734514306ac401e233323032d6,train
03642806,37b5e63e9f80e2402052a3b22ea3f616,train
03642806,97df7577c2690ab82290f0f0820b73a5,train
03642806,466ea85bb4653ba3a715ae636b111d77,train
03642806,9f4a0de5fb60ca3e1ec0c47eb137bcb,train
03642806,1497a7a1871af20162360e5e854659a,train
03642806,b36c5ee8b04b4b0243cecf206f8bdb34,train
03642806,f3d162798a285521da0ccb8671dd235b,train
03642806,40e0263822860cc5d69e26904fa68e7f,train
03642806,3dc60bce3e8d3ece3077dad41839c251,train
03642806,4f3575df3821e08c466909b3e9553909,train
03642806,7df09674bc991904c78df40cf2e9097a,train
03642806,dbc61cbed5f7f2b33c1abb78f1519c49,train
03642806,8b4de33bc47389d17cc7e57b94b43e43,train
03642806,1622e466794cf72998536cff5312b747,train
03642806,c912c50b812268e8fc9e3f0d993c8121,train
03642806,74bddbc79d758bcbda39f7cbbf0da6b,train
03642806,2c697db8a982242d54a8d8e3b6972768,train
03642806,7a6b074fec1b8b9c810b27ad0ef73ed,train
03642806,8b10449b4c25fb0939773ee5b5578e3,train
03642806,cb090bd99ed76f9689661310be87a70d,train
03642806,2da650d7d946a4f04b7717340dfa57ba,train
03642806,22389f9c3c049ce757c29983a611b1c6,train
03642806,3dd1b4cdc6d3b33f676394b063daab40,train
03642806,6f1d1ad1d8238e84957b6a4f3924d982,train
03642806,9e5daedde75196487548281e465c9303,train
03642806,75936cfb6c3ee142205444155ae5c84d,train
03642806,7941f26b5f18d9554ab5d84c066f37,train
03642806,3ba00d343b8ee1357b9c6deef486a7d8,train
03642806,f811252fcd1f7d686845a0762dd07baf,train
03642806,7a4342f61ed7b153341aafe10fd0cbd4,train
03642806,81bc775eeb14299279510444cc61f839,train
03642806,1a46d6683450f2dd46c0b76a60ee4644,train
03642806,c3eac3a391b81bc8387188c556ebf654,train
03642806,5a63c5f29f0bc0eb12d8efb2f101da03,train
03642806,69ca190b89d622d6def5bf46a0f0ff11,train
03642806,93fcc135217fdaf5c9614070d3269898,train
03642806,eda651202abbb90c94daa4565dd30535,train
03642806,8faaabdbdf4764b3531a9cd007e29075,train
03642806,3088048452f40a8965932bedd33dbd98,train
03642806,a7f983f1d0642745135a402b573354e4,train
03642806,39778c495baf4bd9ac41b162b25b4656,train
03642806,8fefaa8179404c4ae165aa9cd54a0a29,train
03642806,7ebff305b2e93504239603972bcd2e7b,train
03642806,9297e108b9780fe7da0ccb8671dd235b,train
03642806,b02c7e6b02d1ea5350f2b6c0ece5e801,train
03642806,6b78948484df58cdc664c3d4e2d59341,train
03642806,e4c34c87ed1bc2191ef7a71d6e01357e,train
03642806,3e9af28eb2d6e216a4e3429ccb8eaf16,train
03642806,9cb54ee28aec14013cb02989e2da5a2a,train
03642806,dd282ed5d4956590b713df0d260c2628,train
03642806,949388e7bddc1b02c60ea5009df4047d,train
03642806,9c6176af3ee3918d6140d56bf601ecf2,train
03642806,5430ba1b4995af02717dccfa4b0eec5a,train
03642806,5458437965b3d5da2462e129dafd29fb,train
03642806,e374559441d5c5bd386658d2bd45d727,train
03642806,9eb06745445806576e14170ade57410,train
03642806,229f440bbd8f5482355323b019d9d87e,train
03642806,11494281ca09a63d3b54554be306bc70,train
03642806,a17cf326705a6443a09a37cf78d1b866,train
03642806,ac3ca8ae5e3203117f2411014f221968,train
03642806,69c1b09e3cd5056d11f9b5b6530d6e16,train
03642806,11654b536fd6ed67616b0fada7303ece,train
03642806,8d9bae8897ac3f973c28672f19a43c87,train
03642806,a520b985d944cd3bb74e0ee1cfdd5ad0,train
03642806,774f062adc4130eca309fc846e6b0c18,train
03642806,63e5805f8bd216313bba289a9fdd2a7d,train
03642806,6b61ef17b4f45050b598e8984f11eb0c,train
03642806,6489453e322cdb53f9f3c6290096f50f,train
03642806,e6329b09d7920f006f729e50d852de2e,train
03642806,7c1eb7cc7dbdb68268981420d1da6237,train
03642806,6008f256f3beafd9988abef1fd117e7,train
03642806,ca98fa6fe9c91b8b8b0a7ba4456e7659,train
03642806,4bacb1694e86005afb6e846333373df8,train
03642806,1d66c26055573243a0efaa0482f35281,train
03642806,fb641fe28d0f5e73d51fce576fbd4600,train
03642806,1bb2e873cfbef364cef0dab711014aa8,train
03642806,2d45f63c9ab71376a1b657e38449a62,train
03642806,17069b6604fc28bfa2f5beb253216d5b,train
03642806,b806daf849a5dba289c212008d2a390e,train
03642806,8a0edfd20cdfc27d8ca8637757ac3f67,train
03642806,6ae14173f5bface824a85bcf396c330,train
03642806,a59d3d87068d313c2656684d670220c2,train
03642806,689667fca044e15b941a99145cf33e72,train
03642806,850673bcbce8f73ec8a6d87a62ac0341,train
03642806,19117e74b575cdca82555f4c45537277,train
03642806,fdec2b8af5dd988cef56c22fd326c67,train
03642806,67387cc47a39a4b1cd4fb35969ac8028,train
03642806,62b25a5e3119b8409023147b38c03c9f,train
03642806,760b1f82f7133ca1de7d2830be38218d,train
03642806,b14ceb94c7930ee55054cc2bc9eccddf,train
03642806,942156d763bd7e867cff7d16e20f126a,train
03642806,5be7aff08cd8dc37253cd18ba2e1c61e,train
03642806,42f71a2df30eabb1b8183a4a81361b94,train
03642806,3909e96930cb1e32a4f2e5eab55eddea,train
03642806,decbfc069b08016d6ac2773342338507,train
03642806,ef5b312fc20f1b20aab089a6db538ba7,train
03642806,f00ec45425ee33fe18363ee01bdc990,train
03642806,b28638f8c153b9333639bdeac6c4cb9a,train
03642806,f14056ee8bbebeecc1b05209f08e5ec6,train
03642806,5363c4a882e17c9088557758112e80be,train
03642806,9cd223dd78199526628b49aa3b6c49c1,train
03642806,35462b6ea0597bf555e8ddeaf1791474,train
03642806,1b67b4bfed6688ba5b22feddf58c05e1,train
03642806,9fa387d7f442b96e75e60c00fabe2744,train
03642806,34913d1dcde913848bd55eee82fc09d6,train
03642806,e6b92cc71ad04a775872a8d7ae27b927,train
03642806,72133503ddaf54483e725ee552a0026,train
03642806,b6b27929b34cec44125129881929616c,train
03642806,f53a54a64dc475195f2e56f31ec62a24,train
03642806,8834560018510194d8caaf6298f89d14,train
03642806,5a13f7551c20eb29f3ebfe51dc60263e,train
03642806,8a4c725dc347e1106ec6e4721582ad38,train
03642806,e34a4bd815f38858fb15d1c4afffaed3,train
03642806,1dc28ae9dcfc3d773487ed70d4534caf,train
03642806,1b5ec8c5ca53caa5ad6be7ca8dcfc55b,train
03642806,476cd9a7a0a7c491c96e2e556a25ab0c,train
03642806,546b40d15cd483873339d8259ddfa7bb,train
03642806,13330d1e7b199dd82530b9c2b65d3f86,train
03642806,212bf74d7c711a1634dedfee80b7006,train
03642806,d838fc238fc640b83bba289a9fdd2a7d,train
03642806,21e03f21a8724ab5bfa1d058f8ea2f0a,train
03642806,7f75b94bd59d649958dd315c54df0c15,train
03642806,39e80a6570002a431181170a86d04637,train
03642806,6b4698eadedd956cd2079b28d473791b,train
03642806,76d74a604c1ddacd6093b210438ee0f7,train
03642806,6e728e12c4b4dcf26479a182158bae5,train
03642806,b5f6fd84a3f44ddb1aa47689117a61e1,train
03642806,62036dabbd9ffa71549c63d8891393c6,train
03642806,cc67f6608c41743ec1830f8ca7a3cbed,train
03642806,1312ea502b4e9b51701c1f58e22b85e8,train
03642806,91b857a748f0ccf2ab0b172d4dea80cd,train
03642806,b436271050d647052f8d6d501b18a4b5,train
03642806,87ffe7aaa7304b1b775a6b1e21d79260,train
03642806,5173aa7f75ff3cf1b55fde51a411949f,train
03642806,2c61f0ba3236fe356dae27c417fa89b,train
03642806,6da67be7e83afd3be3b927dfeefbac4e,train
03642806,df624231ef05b83d54c7ab6aa5674ccc,train
03642806,5085268208bb23ba7b037ded105df073,train
03642806,1d1947a3104bdbf4752cca7e96f0bf86,train
03642806,5d544ee4b094c6606436916a86a90ed7,train
03642806,6f20fd2e8d8d518da5f7b1c78f76e23e,train
03642806,3f45cde6f7a13138e256fb3794905772,train
03642806,8ac9eb2b975c0d12b5328fde615e4a0c,train
03642806,bad11c851d356f6363920080bd2c2ed3,train
03642806,461b3592ac4674cbd2079b28d473791b,train
03642806,d1388dc83fa45da33a8222bbf59f8f16,train
03642806,16c49793f432cd4b33e4e0fe8cce118e,train
03642806,e466c2c86a439c1faebff3b001eb4a27,train
03642806,9785a579ea791039c639c533e8b5aec1,train
03642806,51dad6ff8c00b7be288d8f1144f7979f,train
03642806,2416c2fcbae368a7b95c83f902f3aac0,train
03642806,57f3409e6f6c2dbc73baa2510487646b,train
03642806,fd2f7a1c6eb7a0d4803dd502eefd8dc3,train
03642806,a4d779cf204ff052894c6619653a3264,train
03642806,61972112749c9beeb95c80bb1ee18b0e,train
03642806,c8309234b360aa2c747803756378b292,train
03642806,caa4afd404f24d21275c1147a304ed86,train
03642806,b3a2081fc19c7bbac241f229aa037cc2,train
03642806,9ef061efe37e9889d7c51311132e27a8,train
03642806,d7e7e6651a23afc68ba4e518219eb66a,train
03642806,3237f5cd4bca555955357c338ec9641,train
03642806,2777dfcee7d0f364b0d7b0d4230df8ca,train
03642806,241ec8a746dd1cfc78f71a335ebabfa5,train
03642806,e1773be8392c5fc4f7d4d3ced798ad90,train
03642806,7b944e090c10969666aa414faa9189f1,train
03642806,a66e02f0effed39f4145b5f47fac09a5,train
03642806,74eeef3fb670363550d5454e56d54b19,train
03642806,34715b469341fd4ce4b68d3b17c43658,train
03642806,e5559cd005d5c4942a7b0c74c5f22fc4,train
03642806,68adcb59ad19c431676394b063daab40,train
03642806,fc9dc2b33ac96e41e2dc67b821479cc4,train
03642806,cb1e3a990782678b4b6682da890df381,val
03642806,a4eb5dea7eda6ab58e5480b52f7861ca,val
03642806,b95ca4fa91a57394e4b68d3b17c43658,val
03642806,9a0cafe6dfafe0503fe4aa36ea0cc020,val
03642806,920c43f5940ad5516395c48c836f48fc,val
03642806,2134ad3fc25a6284193a4c984002ed32,val
03642806,33b46231ff0ac2e46c8f71c9d7a79dc1,val
03642806,aec07e314b2fdb8a60a676833b21afd4,val
03642806,2fbc09c414c80a2d50577cf04f3bf74a,val
03642806,6d2681893925b93133817c25ef5f879b,val
03642806,30cd08287b6ddeadb275781e0d014d27,val
03642806,5eefc8f2d755c843614c1d5b48350fb,val
03642806,eeca77a4ae8aa0ce3bef19ecc8621d89,val
03642806,6170c9238fb2b5da2786f83874f709b7,val
03642806,b29c691472ec9064f67542ac0a8b28d5,val
03642806,283a115028fffe6e4e67e2e8459ebde,val
03642806,247012532a6342f424afdcb79b0329d8,val
03642806,6d88f11ac37f07a86a7e0484f5238e4,val
03642806,4c7814676c42d67b902e12fe4da5924d,val
03642806,21c0187bf2174c1684c4330348773d0a,val
03642806,be6a1fba2165bdfe2f81cb887dc35578,val
03642806,bcf57a7cbbe77f2e41567ce9c420c236,val
03642806,773e395af8222f5a7ade0e7a3afdc8,val
03642806,2d38fa685e71721986a7e0484f5238e4,val
03642806,dbcd5a88a9d4f1d7579cfe4420588034,val
03642806,b9eb4471432dbbc3e4b68d3b17c43658,val
03642806,125c93cbc6544bd1f9f50a550b8c1cce,val
03642806,7bdac195f81588ff743bd44138e7d2e5,val
03642806,b962658596d9a6ccc05c2f3d0d461abf,val
03642806,8e13c7ff206a424fd52bc338a86e79b1,val
03642806,4b4dee079f46cb516b99fe64076e852d,val
03642806,9f8cc20d6b78fc3f2c545442439c8b8,val
03642806,ef6d92c90aeabf5becae27d182a3e41c,val
03642806,22367d72d95e021aa458f8df8b43cd95,val
03642806,80f23c80d8d050db169ad157eae2079f,val
03642806,47583d8af57c13d94145b5f47fac09a5,val
03642806,d37f5f4d76bb5aee6d0e9ec8b698ce7a,val
03642806,25bc168b214b54799e28e9cf32e5157,val
03642806,c0c055ba43c3528a3cb4d5b227cc213b,val
03642806,24721e62300a3c4f98be7382d7a678c3,val
03642806,cc691d9e8e189ce47a381a112bfd785,val
03642806,d3606fa80e46f834562d7644f5df59b3,val
03642806,4e8737495201fa3f71f82dc8af2fe0e0,val
03642806,bfd92b43d97b6d27f2b46e2da97eabda,val
03642806,606f4b61d81085d1adbb6cf5d72fbe37,val
03642806,d8ef2a8a3ccff3fa5cad2ceae48f2da5,val
03642806,6fd01f7db45bff66cf01bc59d215f0,val
03642806,1ce688d90a2010a69718283200011d2a,val
03642806,3934cb69fe3584ef8f6cc6fefa15515a,val
03642806,d2d90e352b2d0533ab0b172d4dea80cd,val
03642806,e55ececde88255b93e73f3893a7337bb,val
03642806,6b6edbe38c23db5a4599f539a26d98d1,val
03642806,234155f4192ecf3da97e5dec8972a635,val
03642806,520d98e360cf44ec8139dd63d55edc44,val
03642806,6a9cffdd120720a6512143cd347a4650,val
03642806,b272eb1541844f55ad7b15cd0061e5ee,val
03642806,fd54faba3bd95b6d6d59d46ccb8deb56,val
03642806,5678a2173ff575d09cebe817bc1591b3,val
03642806,36bf7cd2652ccf48dd42bb2503ef78ef,val
03642806,5fb5b09b324dc153ed883f1f11a51185,val
03642806,b210db4bca21536ed6daca3908cc94ab,val
03642806,2f9cc3e20647ebb1cb8118818e564f96,val
03642806,bb33d26f324d19d94845e0946708405d,val
03642806,454a88f4b2fe4472f9cacf0b2853f40,val
03642806,e0cc767bf10134509fd6a63b3b6f6cd4,val
03642806,10f18b49ae496b0109eaabd919821b8,val
03642806,7da4f6dcda3fc40db1ef4670cf6c2a91,val
03642806,7b4260884a1dfd76b080af510dd640b,val
03642806,367fbaea8743ec1cc98452c8fce6b43,val
03642806,2d47af483371ff60672faaae04fc887,test
03642806,13f5cbc78856f977927930e64238782e,test
03642806,7dd0b4787a78a9b6ec6505914db06723,test
03642806,a874a1d28852062ec2743f037f439af3,test
03642806,26ad81059039dfcca3e30e62a8e6f77f,test
03642806,1be64c0aded473d38ca8637757ac3f67,test
03642806,1c035fa183863780e605719767a1e7c1,test
03642806,d786b5399e27a82978522e02fc65059,test
03642806,b9b521a7e25caf837b18e772ada5a339,test
03642806,679bb4a724b1e2bc3339d8259ddfa7bb,test
03642806,8235de380bb100cadf5a805be6fefb86,test
03642806,9b4ab67eb448c49c11ced4a54f2e6229,test
03642806,2dbabd43fdc9e21ffae724b4e4a1ff51,test
03642806,f7c26b8c94ba8214397c35f585745a82,test
03642806,950d3ea26d07b7dafdc319d8ace3a11,test
03642806,66d47a84a3d522dc9311bf79d4774e73,test
03642806,59c7c6a65cf462be43acec71ba42b6b7,test
03642806,62818ccc8dd6a3ecb300959c6f62c5f9,test
03642806,f5fc954736b06be15fd06491ae919ea3,test
03642806,85e029acb2edbd3a86a7e0484f5238e4,test
03642806,471005df47f0b4a6625cbbe81bda8c5c,test
03642806,78f6f380548e0f7d3fd8284eaee3b0fd,test
03642806,48e07903fe5057a1d7289d94a5c9ea3f,test
03642806,71907a4a567dce3bb0de1e7a6809fd90,test
03642806,928c86eabc0be624c2bf2dcc31ba1713,test
03642806,de2e95eac460c361e862e3cac45aa769,test
03642806,1f8338b068279743f8267dd94d223348,test
03642806,6a360b7d69a4d522ce45dbec0d835ca5,test
03642806,be6af6c0bdaee6e06ec6fb380960ec65,test
03642806,b3c5bb4eb4c797ae6984b767317d33c4,test
03642806,ab21f75b97d6b1054f22ce0a3592d5,test
03642806,7da524a31c9cfe22ea8725c845547c21,test
03642806,cc0535a34cdc7d676bf98d15712168f,test
03642806,f0fb8d7162a100481492bb7d502a53a8,test
03642806,cc596eaa22c3e6cf37e1b9ea967d5071,test
03642806,d9acee6657134387c664c3d4e2d59341,test
03642806,11448f34681c545439f3410d5f76299b,test
03642806,9ddd8a548dce36fc800b903035974869,test
03642806,62cf794fb5fb174aadbfb30d8d1b297e,test
03642806,82edd31783edc77018a5de3a5f9a5881,test
03642806,7d9e5d105941adf17dde8647dee63fd8,test
03642806,6b4b8ff6b859b262169650f5be5e669b,test
03642806,bd879abd9b5c15d75d66db82418edc83,test
03642806,58c9c43b8f4c39b25a9aadea699fb864,test
03642806,d2eabcc071cec6f420bec9be02f008ca,test
03642806,8d70fb6adc63e21eb7e0383b9609fa5,test
03642806,72fb4ce0b33310b4d852aca19c37edcb,test
03642806,25192ef0befdd75d291d2d0d560233f4,test
03642806,d88e4093a73064b6b44d9812f259e403,test
03642806,ddf5d6d855c2aa5d1c644ef3ab0c8ffa,test
03642806,aaebdb95de0459f66a51abe62a0f8cce,test
03642806,2211a40cc77a085362c091e763f81d3,test
03642806,7d733a513d905a1a56fd4d28526341bf,test
03642806,6ba2cdd89db562a08329485eab7078c4,test
03642806,76005568c6a76385c8f56abbf37ac61c,test
03642806,a923fbd2327097c6e95cd0dc8c2f0e83,test
03642806,5515081bfe708008edf29b343d09db45,test
03642806,a9aaa5daad084d18cb5b7dfc5966f56d,test
03642806,9d48ab8c41174e60888cad7f6c0e6001,test
03642806,32ab7469a9c4bb584ae6254ab33d9f52,test
03642806,846c5850093a080f54b2a16efa6e7b19,test
03642806,6f6c8762f55f94e24145b5f47fac09a5,test
03642806,b913c80eca0afa4a1b7e0829f0e4fe61,test
03642806,ee31f8d77002d8869b07343517e0f88e,test
03642806,d4a1b5ef035650a51021cd55d164c0ed,test
03642806,51be62d456a272fe96a7d658c4b5ee82,test
03642806,e8f89f185dd8165b9b07343517e0f88e,test
03642806,6227e7dd1a391e8d54f22ce0a3592d5,test
03642806,c87bd5d0b4caa95de14be8c4a6dae8,test
